title,body
白纸-20231013-四通桥365,"<h1>2022年10月13日</h1>
<h2>四通桥抗议事件</h2>
<p>当日中午，一名抗议者在北京四通桥上挂起两条横幅并播放扩音装置，横幅内容分别为：“不要核酸要吃饭/不要封控要自由/不要谎言要尊严/不要文革要改革/不要领袖要选票/不做奴才做公民”以及“罢课罢工罢免独裁国贼习近平/起来，不愿意做独裁者奴隶的人们！反独裁反专制救中国一人一票选主席！！！”抗议者并还点燃轮胎了吸引注意力。他身穿安全帽和工作服，可能是为了伪装成市政工人。</p>
<p>网友通过搜索确认了抗议者身份，为此前在推特上打出过相同口号的彭载舟（本名彭立发）。他同时还在RESEARCHGATE留下长达23页详细说明的宣传材料，呼吁民众在10月16日（二十大开幕日，周日）开始罢课罢工以及汽车鸣笛等活动。</p>
<h1>2022年10月16日</h1>
<h2>西安多处公共设施出现四通桥标语</h2>
<p>凌晨，在西安交大北门对面公交车站、咸宁路共享自行车充值窗口、兴庆路检测亭以及停在八仙庵外街上的车辆窗户上，都可见到许多手写标语或纸张，其中包括“不要核酸要吃饭、不要封控要自由、不要谎言要尊严、不要文革要改革、不要领袖要选票、不做奴才做公民”等四通桥42字标语。</p>
<h1>2022年10月16日前后</h1>
<h2>中国电影资料馆男厕出现反独裁喷漆标语</h2>
<p>北京的中国电影资料馆男厕所出现""""反独裁、反核酸""""的黑色喷漆字样，厕所墙上还贴有彩色打印的""""要自由、要选票、要尊严""""海报。</p>
<h1>2022年10月20日</h1>
<h2>郭艺因声援彭立发被捕</h2>
<p>《阴道之道》编剧郭艺（EDITH)带着自制的四通桥标语海报到北京厕所张贴时被捕，随后其家中的四通桥海报也被搜出。</p>
<h1>2022年10月24日</h1>
<h2>大陆男子在香港立法会张贴四通桥海报被捕</h2>
<p>据BBC报道，香港警方10月24日宣布以""""煽动意图罪""""拘捕了一名27岁的中国大陆男子。他被控近日在香港立法会告示板张贴三张海报。据香港媒体公布的图片，他张贴的内容包括北京四通桥抗议事件的照片和标语。另一张海报包含一幅习近平画像，上面印有""""独裁者下台""""（OUT DICTATOR)字样。</p>
<h1>2022年10月24日前后</h1>
<h2>两女子举""""不要要""""横幅声援彭立发</h2>
<p>一条网络流传的视频显示，两名女子在上海一条繁忙商业街拉开了一条白色横幅与同伴一起前进。影片显示，横幅上是手写的黑色汉字""""不要要不要要不要要""""。</p>
<h1>2022年11月27日-11月28日</h1>
<h2>白纸招动</h2>
<p>27日凌晨，上海市民在乌鲁木齐中路聚集悼念乌市火灾死难者，举白纸抗议并高喊""""不要核酸要自由""""、""""共产党下台，习近平下台""""等口号。</p>
<p>北京市民在亮马河附近聚集，齐唱《送别》、高喊""""我要做核酸、我要被封控""""、""""上海你好，我是北京""""、""""人民万岁""""等标语，合唱了国际歌，过路车辆鸣笛支持。</p>
<p>广州市民聚集在海珠广场高喊""""不要围观请加入""""、""""不要封控要自由""""等标语，并齐唱《海阔天空》，警察包围人群，有市民被逮捕。</p>
<p>中央美术学院学生在地板上用粉笔书写四通桥完整标语。另有学生在校内雕像上贴满写着""""自由""""的纸，并大量张贴有蜡烛图案的纸。</p>
<h1>2023年6月2日</h1>
<h2>清华大学学生放映纪念六四图片及民主标语</h2>
<p>6月2日，清华大学据传出现""""重大教学安全事故""""，一教室的黑板与投影仪上被写上标语：黑板上写着""""不要文革要改革，不做奴隶做公民""""及""""习近平下台""""等字样，投影仪上放映了六四纪念相关的图片，并提出对共产党的""""五大诉求""""。校领导在保安科调取了监控录像，确认是马院学生所为，据称是马院研究生会外联部部长。</p>
<h1>2023年6月3日</h1>
<h2>四通桥路牌被拆除</h2>
<p>据德国之声消息，6月3日，中国警方加强了对去年发生罕见抗议活动的北京四通桥的戒备，拆除了写有该桥名的路牌。</p>
<h1>2023年6月</h1>
<h2>四通桥路牌被更换，地图APP上的四通桥被删除</h2>
<p>北京一座天桥上，原本指示通往四通桥的路牌被发现已被更换。百度地图、高德地图和腾讯地图上简体中文""""四通桥""""的搜索结果也被删除。</p>
<h1>2023年8月18日</h1>
<h2>网友探望彭立发家人遭警方拦截后失联</h2>
<p>18日，吉林网友张玉红女士乘坐出租车前往黑龙江泰来县宁姜蒙古族乡，希望探望""""四通桥勇士""""彭立发的家人。在进入宁姜地界后，她先后被6位身份不明人士拦截，其中一位向张玉红女士出示了警官证，并表示""""有保密特殊警务，需要拦截外来车辆""""。当天10点左右，张玉红女士被带入派出所，随后失联约48小时，至20日上午安全离开。</p>
<h1>2023年9月</h1>
<h2>林生亮：彭立发妻女被监控于齐齐哈尔老家</h2>
<p>据美国之音报道，原与""""四通桥勇士""""彭立发一同住在北京的妻女二人已被送至彭立发的农村老家监控，他们的家人、家乡公安机关和同村乡亲等相关消息也被严密封锁。活动人士林生亮表示，他和一些志愿者经过多方查找和情况分析，发现彭立发的妻子韩洋和女儿彭韵凝目前被囚禁在彭立发原籍地黑龙江省齐齐哈尔市泰来县宁姜蒙古族乡勤俭村（现已合并到雄壮村），门外和入乡路口都有警察和便衣人员把守。</p>
<h1>2023年10月13日</h1>
<h2>美国之音：彭立发仍下落不明 亲属个个受株连</h2>
<p>美国之音报道称，根据其""""从中国境内多个消息源得知的可靠资讯""""，彭立发目前还活着，但无法确认关押地点，当局未寄送任何相关法律文书，无法为其聘请律师；彭立发的妻子韩洋和两个女儿目前在北京，被收缴个人手机，上下班由专人接送，行动受到严格控制；其岳父遭到监控，彭立发与韩洋女士双方的兄弟姐妹都曾遭到警方调查传唤。</p>"
白纸-20231009至20231015周报,"<h1>白纸-20231009至20231015周报</h1>
<p>2023年10月9日-2023年10月15日</p>
<h2>近日行动信息</h2>
<h3>北京</h3>
<p>10月10日，北京三里屯，一男子手拿白纸站于街头，裤兜插红旗。现场安保人员立刻打电话报警但是并未阻止，后续未知。</p>
<h3>山西</h3>
<h4>临汾</h4>
<p>10月10日，据一横幅照片，临汾市生态环境局隰县分局31名在岗职工宣布集体罢工。有记者致电当地，而隰县宣传部工作人员称“县上正在开会研究，具体情况得开完会后（才能知晓）。”</p>
<h3>四川</h3>
<h4>绵阳</h4>
<p>10月14日，四川绵阳火车站门口店铺于门上张贴维权告示，指控平武国有企业房屋合同欺诈。告示上写道：“平武国有企业欺诈商家，合同不如草纸，出尔反尔，颠倒黑白；房租2.1万/月，2020年入驻；疫情填坑；我爱它，它不爱我；告不动，打不赢，就认命；人为刀俎，我为鱼肉。”</p>
<h3>海外</h3>
<p>10月13日是“四通桥勇士”在北京四通桥进行抗议活动一周年，全球多个城市都举行了相关纪念活动。纽约时代广场的抗议者举起彭立发的画像和四通桥标语的牌子，背后的TSX大屏幕上用英语写着“保住这座连接我们的大桥”，以及阳光照耀下的和平鸽和一座大桥的画面。聚集洛杉矶中国领事馆门前的活动参与者高呼：“释放英雄彭立发，我们都是彭立发！”并高举标语围绕中领馆游行，呼喊寻找彭立发的口号。伦敦的活动参与者在桥上挂起复制版的四通桥横幅。此外，美国波士顿、加拿大温哥华等城市也举行了纪念活动。</p>
<h3>线上</h3>
<p>10月13日，众多网友在微博上纪念彭立发。其中有一名网友写道：“虽然只有区区一个人性之光是具体什么也改变不了的。但有时候语言和‘能发出声音’也是重要的。尽管人类涉政团体依然沆瀣一气，但声音的意义在于让载舟之水听到。”</p>
<h2>近日警方动向/被捕者信息</h2>
<h3>香港</h3>
<p>据香港保安局12日表示，中国留学生曾雨璇已刑满获释，并被遣送回大陆。此前，曾雨璇于元旦悼念“7.1刺警案”涉案者梁健辉而被捕；获准保释后，她再于六四前夕被指参与展示“国殇之柱”横幅的活动，被控“企图作出或准备作出具煽动意图的作为”罪，被港府以""""煽动罪""""判囚六个月。关于本报对该事件的过往报道，可参见2023年9月11日周报。</p>
<h3>朝鲜</h3>
<p>中国当局近期强迫遣返逾500名逃离朝鲜人士。这批以女性占大多数的被遣返者极可能被关进强迫劳动营区，面临酷刑、性暴力、强迫失踪和处决等危险。朝鲜政府将未经许可出国列为“背叛民族”罪行，可处死刑或监禁在暴虐的强迫劳动营区。由于这种威胁的存在，任何朝鲜人士只要出国或在国外逾期停留即应视为“就地难民”：指一个人在离开本国后成为难民，不论先前受过何种待遇或为何出国。但作为联合国难民公约和反酷刑公约的缔约国，中国政府却依照惯例将无证朝鲜人视为非法“经济移民”，不许他们寻求庇护或重新安置，而是按照两国1986年边界协议将他们遣返。根据人权观察证实，中国当局在今年8月29日强迫遣返80名朝鲜人、9月18日遣返其他40人，2021年7月也遣返近50名朝鲜人。但中国外交部发言人王文斌于10月12日在记者会上称中国国内没有脱北者，否认了遣返朝鲜人的消息。</p>"
白纸-20231002至20231008周报,"<h1>白纸-20231002至20231008周报</h1>
<p>2023年10月2日-2023年10月8日</p>
<h2>近日行动信息</h2>
<h3>山东</h3>
<h4>济南</h4>
<p>10月8日晚上，济南中新国际城烂尾楼业主再次组织抗议，来到开发商建邦集团经营的商场进行维权，与大批警察发生激烈冲突。据悉，中新国际城开发商已经烂尾一年多，而第四期期房预计的交房时间本为9月底。8月27日，眼见交房无望的业主前往市场监督管理局抗议，与警察雨中对峙。9月8日及11日，烂尾楼业主前往开发商总部建邦集团维权，警方到场维稳，在冲突中多名业主被警察强行带走。业主们随后表示：“面对公权，绝对不会跪下！”并且请求得到各方声援。累计至10月8日，中新国际城烂尾楼业主抗议已一月有余，目前事件尚未有明确结果。</p>
<h3>加拿大</h3>
<p>据自由亚洲电台10月7日报道，此前于9月22日在转机返回中国期间“跳机”台北桃园机场的异议人士陈思明已获得加拿大政治庇护，并已于10月5日抵达温哥华。经历多次传唤逮捕的陈思明曾于今年7月逃往泰国，但担忧因长臂管辖被遣返并送进精神病院，于9月22日从曼谷返回中国并在台北转机，趁转机期间“跳机”滞留在转机大厅，并在此期间申请美加两国政治庇护，创下在半个月内取得第三国政治庇护的记录。（关于本报对该事件的既往报道，可参见2023年9月18日周报）</p>
<h2>近日警方动向/被捕者信息</h2>
<h3>四川</h3>
<h4>成都</h4>
<p>据自由亚洲电台10月3日报道，日前被老挝遣返的人权律师卢思位已经被送往四川成都市新都看守所。根据卢思位律师的妻子张春晓女士（推特用户@ChunxiaoZh34224）在推特上发布的信息，卢思位律师在失踪65天后，于10月1日由成都市新都看守所向家属发出通知，证实其已经被关押在成都。
10月1日，联合国公布了多位联合国特别程序独立人权报告员在8月3日向老挝政府发送的紧急呼吁信函，对卢思位相关风险表示严重关切，呼吁老挝政府停止遣返卢思位并将其释放。根据张春晓女士推特，此前联合国及美法韩等多国外交官员曾就此事与老挝政府进行交涉，均未获回应。（关于本报对该事件的既往报道，可参见#卢思位 话题或2023/9/11、2023/7/31周报）</p>
<h3>浙江</h3>
<h4>杭州</h4>
<p>9月22日，被控煽颠罪的独立记者、女权行动者黄雪琴在广州市中级人民法院一审中作出以下最后陈述：（1）“作为一名记者，我做不到保持沉默。我也知道自己不安全，迟早有一天会面对这样的状况，但需要承担的后果，我愿意承担。”；（2）“我写的文章、所做的采访均是真实存在的社会现象。没有歪曲事实，也没有攻击国家和政府，我所做的一切，不是要去煽动颠覆国家政权，(而)是希望社会能够改良，变得更好,让国家变得更好。“而因同案受审的劳工行动者王建兵陈述：“我认为，我自己没有要去颠覆国家政权，也没想过要煽动颠覆国家政权。我关注的，更多的是职业病工人的社会问题。”</p>
<p>10月1日杭州亚运会田径女子100米决赛中，中国选手林雨薇和吴艳妮互相拥抱鼓励的照片因其号码组成了“六四”，而遭央视新闻微博号删除并修改。</p>
<h3>台湾</h3>
<p>据自由时报10月5日报道，一名与台湾公民结婚20年并取得中华民国身份证的中国人配偶近日赴中国探亲时被捕，目前下落不明，传媒怀疑和她曾参加""""小英之友会""""活动有关。关于其被抓捕原因，自由时报引述知情人士指出，过去中共并未一味抓捕民进党或蔡英文总统相关人士，而今年亦有同为中国配偶的八旗文化主编富察赴中国探亲被捕，因此此次抓捕是否与""""小英之友会""""有关尚待厘清；自由亚洲电台也引述消息人士指出，此举主要目的为恐吓所有在台湾的中国籍配偶，打压言论自由。
中国扩大《反间谍法》后，台湾民众在中国被扣留盘查案件增加。国家安全局长蔡明彦本周到立法院报告时指出，今年1到7月，有4位民众入出境中国时遭到拘留盘查，7月至今则已有9人遇到同样情况。</p>"
白纸-20230925至20231001周报,"<h1>白纸-20230925至20231001周报</h1>
<p>2023年9月25日-2023年10月1日</p>
<h2>近日行动信息</h2>
<h3>广东</h3>
<h4>东莞</h4>
<p>9月25日，广东东莞大朗镇大井头村居民聚集在市政府抗议地方官员腐败，要求政府打倒贪官，抗议集会已持续十多天。据悉居民抗议的起因是村庄土地出售费用种应分给村庄居民的2亿元被许诺用于修建村民公寓，但项目迟迟没有进展。</p>
<h3>河南</h3>
<h4>洛阳</h4>
<p>临近国庆节假期，洛阳多所高中的学生组成“洛阳市学生捍卫法定权益维权联盟”，通过集体拨打教育部门电话和12345的形式，反对学校将河南省教育局统一规定的8天假期扣减至4到5天。根据一张网络流传的班级群聊截图，事后教师在群内威胁学生“谁给教育局打电话，谁就不用来了”。截至10月1日下午，有部分学校已延迟返校时间，但大部分学校仍然规定在10月2日前后返校。</p>
<h4>郑州</h4>
<p>9月23日，因不满新任校长禁止短裤短裙、强制跑操、扣减休息时间等不合理的新规，郑州一中学生在校内张贴《告全体一中学生书》以及针对校长的《讨闫檄文》进行抗议，随后教师表示公安局已介入调查，学生在QQ空间转发文章被封号。9月29日，有消息称校方的改革新规已被暂停，且除了社交平台账号被封之外，暂时没有更进一步人员损失。</p>
<h3>香港</h3>
<p>9月28日是雨伞运动爆发9周年。据独立媒体报道，几名浸会大学学生身贴黄丝带在校内“默站”进行纪念。参与活动的同学向媒体表示，不希望雨伞运动这一“彻底改变香港前途的运动”被遗忘，于是希望在校内向同学派发黄丝带做纪念，但校方知悉后向其施压，只好将活动形式改为默站，并将黄丝带贴在衣服上，有意的同学可以自行领取。然而在活动开始后不久，就有学校职员前来叫他们“收档”，并派保安登记身份。据悉，目前校方已就该事件开展纪律程序。</p>
<h3>台湾</h3>
<h4>台北</h4>
<p>10月1日是中华人民共和国国庆日，据自由亚洲电台报道，在台港人团体冒雨在台北市西门町举起“光复香港 时代革命”旗帜并设置展板，讲述中共如何在香港通过假选举和打压新闻自由等方式，进行渗透分化和思想审查。活动参与者表示，活动期间有路过港人默默站在附近围观，并在播放《愿荣光归香港》歌曲时打出“五大诉求，缺一不可”的五一手势，亦有港人在围观并拍摄时，被同行人提醒不要发到社交平台。参与活动的在台港人团体“香港边城青年”秘书长冯诏天表示，此前香港女学生因留日期间在社交媒体发表评论被控煽动罪的事件（关于该事件的更多信息，可参见2023.06.12-2023.06.18周报），使得愿意在海外参与抗议活动的港人有所减少。</p>
<h3>美国及海外</h3>
<p>据美国之音报道，10月1日前后，多个民主团体和族裔团体在美国加州旧金山、洛杉矶、伯克利等主要城市举行抗议集会，谴责中共的政治迫害和种族灭绝政策，抗议中共建政74周年。其中在旧金山中国驻美总领馆门口的集会上，参与者举起香港光时旗、雪山狮子旗、九独旗等各种旗帜，抗议者不断高呼“自由内蒙”、“自由云南”、“自由香港”、“自由西藏”等口号。据报道，此次包括日本、德国、澳大利亚、新西兰、芬兰、英国、加拿大在内多个国家的中国大使馆、领事馆门前也举行了十一抗议集会。</p>
<h2>近日警方动向/被捕者信息</h2>
<h3>地点</h3>
<p>事件</p>
<h3>河北</h3>
<h4>魏县</h4>
<p>9月25日，河北魏县64岁村民邓召美在京期间因想要参观国家信访局，被信访局的便衣工作人员当作访民，强行抢夺她的包并从身后攻击她，导致邓召美腰椎三处骨折，之后强行将其带上一辆车。在车上停留4-5小时后邓召美被允许被家属带走。其家人事后因公安机关不予立案在微博寻求帮助，被当地政府以“微博抹黑国家形象，勾结外国势力”之由，威胁要给其“定罪”。</p>
<h3>江苏</h3>
<h4>苏州</h4>
<p>9月24日，苏州两名基督徒（在其教友发布的声明中称为“多加姊妹和明杰弟兄”）在礼拜活动中被苏州姑苏区吴门桥派出所民警以非法聚会的名义带走。据悉两位已被传唤超过72小时未收到警方的回复。</p>"
白纸-20230918至20230924周报,"<h1>白纸-20230918至20230924周报</h1>
<p>2023年9月18日-2023年9月24日</p>
<h2>近日行动信息</h2>
<h3>北京</h3>
<p>9月22日，新浪微博@麦烧同学声明朱军撤销其对对弦子和麦烧的名誉诉讼起诉，标志着这一长达五年诉讼案的结束。2018年，弦子曾通过@麦烧同学在微博指控朱军曾在化妆室对其做出猥亵行为，随后遭微博紧急删帖，此后法院称弦子提交的证据不足以证明朱军性骚扰而驳回其对朱军的性骚扰诉讼。被诉后，朱军反诉弦子与麦烧发布侵权内容，并要求两人共赔偿65.5万元。</p>
<h3>吉林</h3>
<p>长春</p>
<p>9月14日，因长期被拖欠职工工资及社保，职工前往吉粮控股拉横幅讨薪，根据横幅内容显示，有人被欠薪长达四五个月。</p>
<h3>台湾</h3>
<p>据美国之音报道，湖南异议人士陈思明因长期坚持纪念六四屡遭警方传唤抓捕，今年六四期间他因在推特发文纪念六四被拘留15天，并被警察声称要对他做精神鉴定。获释后，他于7月成功出逃至老挝和泰国。由于担心在中国警方“长臂管辖”之下被泰国政府遣返，9月22日，他趁曼谷至广州的飞机在台湾桃园机场中转时“跳机”，目前滞留在转机大厅，希望获得美国或加拿大的政治庇护。根据报道，目前台湾移民署和陆委会已先后派人与陈思明会面，了解他的意向。</p>
<h2>近日警方动向/被捕者信息</h2>
<h3>广东</h3>
<p>广州</p>
<p>9月22日，女权活动家黄雪琴和劳工行动者王建兵“煽动颠覆国家政权”一案于上午9时30分在广州市中级人民法院正式开庭，两人或将面临严重刑罚。黄雪琴是女权独立记者，关注性别、平权、官员贪腐、企业污染、弱势群体等议题，曾参与多起#MeToo案件的报道和为性侵害性骚扰受害者提供帮助和支持。2019年香港反修例运动发生时，她曾经参与游行并在社交媒体#Matters上发布报道文章，并因此以寻衅滋事罪为事由被广州公安拘留。王建兵（昵称“煎饼”）是独立公益人和职业病权益倡导者，曾参加青少年成长与残障社群赋能项目，并关注职业工人的权益倡导与服务性工作，为他们提供必要法律支持，也是国内#MeToo运动中的重要支持者。二人于2021年9月19日下午失联，于10月27日被广州市公安局以涉嫌“煽动颠覆国家政权”的名义被执行逮捕。被捕期间，他们经历了“指定居所监视居住”、酷刑、身心折磨以及律师解聘，一直难以与外界自由通信。该案被当局屡次拖延侦查与起诉，时隔两年后才得以开庭。据悉，该案开庭期间法庭门口周边连夜封路，不允许任何人聚集和围观。目前本案已经庭审结束，将择日宣判。</p>
<h3>河北</h3>
<p>承德</p>
<p>9月24日，微博用户@用户2406409341称自己因通过翻墙在github上为国外软件公司工作，被承德公安局双桥分局处罚没收“违法所得”百万元。根据行政处罚决定书和答辩状，该男子与境外软件公司签订劳务合同提供网络顾问服务，通过github领取公司任务，并使用zoom远程办公。上述事实符合相关处罚规定，故罚款200元，没收违法所得1058000元。</p>
<h3>新疆</h3>
<p>据自由亚洲电台报道，9月21日，美国人权组织对话基金会（The Dui Hua Foundation）援引一则来自中国政府内部的消息称，维吾尔族知名知识分子和民俗传统专家热依拉· 达吾提（راھىلە داۋۇت）教授因“分裂国家”罪名，已于2018年12月被判处无期徒刑。根据公开资料，热依拉教授是维吾尔民俗和传统领域的权威专家，主要研究方向为维吾尔文化中向特定坟地（麻札）朝圣的实践传统，她创立并领导了新疆大学少数民族民俗研究中心。热依拉教授多年来一直是中共党员，并曾任全国青联第十届委员会委员。2017年末，热依拉教授曾对家人声称要去北京，此后便失去联系。根据维吾尔人权项目于2021年发表的报告，至少已有312名维吾尔族及其他突厥穆斯林知识分子和文化精英遭到拘留、监禁，包括维吾尔经济学者、“维吾尔在线”创办人伊力哈木·土赫提。</p>
<h3>上海</h3>
<p>徐汇</p>
<p>近日，“51人项目”负责人陈韵因“非法翻译、出版《每日的工人阶级史》”而被徐汇区人民法院以“非法经营罪”判处有期徒刑一年六个月，缓刑一年六个月，并处罚金人民币六万元，没收退缴的违法所得，没收销毁扣押的非法出版物。“51人项目”是诞生于2016年“上海双年展”的独立艺术策划。该项目呈现了关于现实人生的51出戏剧，最初是51次以现场为立场展开的、聚焦个人经验和社会历史的集体活动，在2018年以后发展成一个不再依赖现场、而是以出版为道路的艺术项目。</p>"
白纸-20230911至20230917周报,"<h1>白纸-20230911至20230917周报</h1>
<p>2023年9月11日-2023年9月17日</p>
<h2>近日行动信息</h2>
<h3>福建</h3>
<h4>福州</h4>
<p>据自由亚洲电台报道，今年是“9.12鞭炮案”五周年纪念日。唐兆星、林兰英、叶钟、廖俊、林兰英、张秀苹、唐何宗旺、陈光、林后勤、吴宏福等11位福州访民及相关维权人士在望江楼酒店相聚纪念，在吃饭中途被警察包围，六人被带走。16日，消息称其中的叶钟已被刑事拘留。</p>
<p>2018年9月12日上午，30多位福州维权人士前往福州第一看守所，燃放鞭炮、献花迎接获释的访友严兴声，随即被集体抓捕并拘留，林兰英、林应强、唐兆星、何宗旺被控“寻衅滋事罪”，判处徒刑一年十个月至四年不等。</p>
<h3>近日警方动向/被捕者信息</h3>
<h4>北京</h4>
<p>据美国之音报道，北京异议艺术家严正学目前病危，他的同道挚友、宋庄艺术家季风从外地赶回北京探视并陪护病人时遭到当局不明身份人员强行驱离和死亡威胁。</p>
<p>据悉，艺术家严正学是林昭像和张志新像雕塑者，长期受监控打压，他所在医院病房探视开始实行管控。季风被强迫离开医院后在另一地点被送至酒店审讯，后被带往机场，目前已失去人身自由。</p>
<h4>湖北</h4>
<h5>随县</h5>
<p>9月11日，湖北随县“博爱特校校长刘爱业涉嫌性侵案”受害方的两名代理律师万淼焱、邹林衫发文称，当日在随县法院查阅案卷时，遭到法警抢夺手机、暴力扣押，并被强行关进羁押室2小时之久；邹林衫律师被双手反扣致手腕淤伤，两位律师被扣押的手机亦至今未归还。
湖北随县特校校长性侵案自今年6月经媒体报道后持续引发关注。特殊教育学校校长刘爱业在2018年-2022年期间性侵多名女特殊生，2022年底，仅以强制猥亵罪被判处三年六个月徒刑。判决书显示，被害人多次陈述刘爱业存在强奸行为，却未得到法院认定，在受害人家属和援助律师的努力下，终于于今年9月4日在随县法院以“强奸”案由开庭审理，目前本案仍在审理中。</p>
<h4>黑龙江</h4>
<h5>齐齐哈尔</h5>
<p>据美国之音报道，原与“四通桥勇士”彭立发一同住在北京的妻女二人已被送至彭立发的农村老家监控，他们的家人、家乡公安机关和同村乡亲等相关消息也被严密封锁。旅居荷兰活动人士林生亮表示，他和一些志愿者经过多方查找和情况分析，发现彭立发的妻子韩洋和女儿彭韵凝目前被囚禁在彭立发原籍地黑龙江省齐齐哈尔市泰来县宁姜蒙古族乡勤俭村（现已合并到雄壮村）737组，门外和入乡路口都有警察和便衣人员把守。</p>
<h4>香港</h4>
<p>据美国之音报道，中国大陆一名法律博士生意图于今年6月4日在铜锣湾展示印有国殇之柱图像的直幡，被控企图煽动罪。被告曾雨璇于9月11日承认罪名，9月12日被判监6个月。此前，曾雨璇也曾于今年元旦在铜锣湾悼念在七一刺警案中自刎身亡的梁健辉，被控一项煽动罪，获控方撤销控罪。</p>
<h4>老挝</h4>
<p>据法国国际广播电台、自由亚洲电台等多家媒体报道，此前7月28日在老挝被捕的维权律师卢思位已于上周被老挝政府遣返中国。根据卢思位的老挝律师特纳隆·蓬塞纳和一份未经证实的网传文件，中国驻老挝大使馆9月11日向老挝警方正式要求将卢思位送回中国，并称他涉嫌非法越境，但卢思位被遣返的时间却早于这份文件。同时，协助卢思位的德克萨斯州基督教活动人士傅希秋反驳了中国使馆的说法，并向媒体发送了卢思位的护照照片，以证明卢思位的签证真实有效。（关于本报对卢思位此次被捕的既往报道，可参见2023年7月24日-30日周报。）</p>
<h4>甘肃</h4>
<h5>兰州</h5>
<p>据美国之音9月13日报道，自8月1日起，甘肃省政府正对兰州西关清真寺进行拆改，每日有近百名施工者进出该清真寺。一则配图亦显示清真寺被建筑用铁皮墙和钢筋围起。此外，报道中兰州一高校退休教授表示，7月31日，他受通知参加相关紧急会议，受要求称所有党员及领导不得在线上或线下对清真寺的拆改进行讨论，否则将予以处分。另一位当地前高校人员认为，这次拆改意味着“整个西北所有的清真寺的沦陷”。</p>
<p>西关清真寺原建于明万历年间，在文革时期一度被全面拆毁。1983年，中国国务院宗教局批准立项，在世界伊斯兰联盟提供的支持下对该清真寺进行重修。</p>
<h4>广东</h4>
<h5>广州</h5>
<p>黄雪琴与王建兵案将于9月19日于广州市中级人民法院进行庭前会议，二人律师均将到场，目前正式开庭时间暂未定。2021年9月19日，黄雪琴与王建兵一同被广州警方以涉嫌“煽动颠覆国家政权罪”逮捕。持续关注雪饼案的当事人好友称，两年间，二人受到“指定居所监视居住”、身心折磨、律师解聘、无法自由通信等困难。与此同时，案件被多次拖延开庭。</p>
<p>黄雪琴此前多次为中国#Metoo中的受害者发声。她曾于2019年参与并记录“反送中”游行，并因此遭到拘留（后取保获释）。王建兵此前为独立公益人，自2018年起致力于对职业病工人的权益倡导及法律援助。二人为好友。</p>"
白纸-20230904至20230910周报,"<h1>白纸-20230904至20230910周报</h1>
<p>2023年9月4日-2023年9月10日</p>
<h2>近日行动信息</h2>
<h3>北京</h3>
<p>9月4日，受中植集团暴雷影响，大批受害者前往中植集团总部维权，遭到一群统一身着白衬衫的不明人士殴打，同时用白色挡板遮挡现场防止周围的人拍摄。在此过程中，旁观的警察未有任何制止行为。根据现场视频资料，几名警察捉住一名维权者的四肢将其抬走。
维权者表示，这是中植集团传出产品停止兑付消息以来规模最大的一次维权行动，此前中植系受害者已在各地经侦报案、上访，据传已有行动号召者失联。
5日，一批中植集团及中融信托受害者继续前往北京国家金融监管总局上访，再次遭遇保安暴力执法。</p>
<h3>河南</h3>
<h4>洛阳</h4>
<p>9月4日上午，河南省洛阳市孟津一高、孟津二高的教师因工资拖欠数月，集体在学校门口静坐抗议。</p>
<h2>近日警方动向/被捕者信息</h2>
<h3>澳门</h3>
<p>曾在街头演唱《愿荣光归香港》的街头歌手马赋驰于9月10日在Facebook发文，称其9月3日在澳门街头演唱时，被警察带去问话，拘留13小时后被驱逐出境。据称，他在扣留期间曾被问会否唱《愿香港》等问题，期间其曾要求联络律师，警察以是香港律师而不是澳门律师拒绝。</p>
<h3>河南</h3>
<h4>郑州</h4>
<p>网络流传一张【郑州奥林匹克体育中心】公众号的截图显示，9月9日举办的蔡依林【Ugly Beauty】世界巡演郑州站明确严禁携带横幅、标语、旗帜、传单、A4纸。截至11日晚，这篇推文已无法搜索到。通过检索该公众号的过往推文，我们发现近期于同一场馆举办的演唱会如汪苏泷“世纪派对”演唱会、薛之谦“天外来物”演唱会都明确禁止携带包括A4纸在内的上述物品。</p>
<h3>江苏</h3>
<h4>扬州</h4>
<p>9月10日在扬州瓜洲音乐节上，一位歌迷因为在现场使用野餐垫和手持烟雾，被一群警察按倒在地，视频资料显示，警察试图用绳子将他的腿绑住。</p>
<h3>内蒙古</h3>
<h4>包头</h4>
<p>根据自由亚洲电台报道，9月7日，著名女权主义社会活动家、“流氓燕”叶海燕在推特发布视频，表示丈夫在内蒙古包头租房遭到刁难，只能睡在车里，质问自己已退出女权活动十年，“为什么地方政府可以不通过法律去干涉房东，一次又一次地驱逐我”。
根据公开资料，叶海燕于2005年成立“中国民间女权工作室”，长期关注女性性工作者权利和艾滋病议题。2013年海南万宁校长官员性侵幼女案中，她因举牌“校长，开房找我，放过小学生”抗议当局包庇性侵者，遭到不明人士围殴，警方却以涉嫌故意伤害将其拘留，获释后便开始被不断逼迁、断水电，至今已有10年。根据叶海燕推特（@liumangyan），她已被“边控”，无法办理护照。</p>"
白纸-20230828至20230903周报,"<h1>白纸-20230828至20230903周报</h1>
<p>2023年8月28日-2023年9月3日</p>
<h2>近日行动信息</h2>
<h3>重庆</h3>
<p>8月27日，网友发布了重庆一著名景点“白象居”的现场照片，显示该区域一出入口处周围被以黑色、红色的喷漆写有大量关于逼迁的文字，如“先搬迁，后补偿，伪造评估报告欺骗业主”，“基本生活受影响”，“强权”等。一旁的树上也被贴满了写有类似信息标语的纸片。</p>
<h3>河南</h3>
<h4>商丘</h4>
<p>8月31日，河南商丘恒大名都一期业主聚集，在小区前拉起“保交楼 保民生 保稳定”的横幅抗议交房延期。 参与者手中举着写有“收房”等诉求的a4纸，并齐声喊出口号。据悉，警方随后到达现场，现场亦出现特警，多名业主被带走。</p>
<h3>北京</h3>
<p>9月1日晚间，北京大兴区景域社区润棠瀛海社区有上百名群众聚集，原因是该小区物业未经允许在大门以及过道处设置石墩，致使所有非机动车无法通行，业主生活遭到影响。网友提供的现场视频中，警方出面与聚集者交涉，表示“这个事是你们跟物业之间的问题”，多名参与者对警方发出“我们报警的时候你们干什么去了”、“谁管我们的权益”等质询。</p>
<h3>河南</h3>
<h4>永城</h4>
<p>9月2日，河南省永城市永城一中因将学生二周一休改为三周一休，引发学生抗议。此前，学生已通过投意见信、张贴大字报等方式抗议，却遭校方撕毁，于是于9月2日在学校大厅聚集抗议，现场还有学生发表演讲。校方在现场对参与抗议的学生摄像并排查监控，目前已处分抗议学生并撕下所有大字报。</p>
<h4>郑州</h4>
<p>9月2日，河南郑州市第五十三中学门口，一家长举牌上写“漠视生命，不作为不负责，致学生校内坠亡”，向学校讨要说法。举牌家长后方亦有人群拉起写着“还我孩子”等内容的横幅。</p>
<p>据该家长所述事件经过，该学生父亲于8月26日接到班主任通知将孩子接回并对其进行停课十五天的处置。学生父亲到达后，无法与班主任取得联系，等待20分钟后，被一名学生通知自己的孩子出事。该父亲赶到现场时，该学生平躺在地，已经失去生命体症，周围没有任何校领导或医护人员。学生父亲拨打120并独自对其进行抢救，直到救护车到来时，该学校领导仍无人露面。</p>
<h4>9月3日，郑州一“烂尾楼”香麓湾的业主集体前往郑州市地标建筑“玉米楼”下维权。网友投稿的视频中，约五十名业主聚集在玉米楼下一台阶处，齐声喊出口号“百瑞还钱”、“康桥还我香麓湾”。同天，另一则视频显示，抗议业主们拦截到郑州市市长何雄的车辆，何雄下车后，业主们集体下跪请愿。何雄对人群说：“你说你们跪下...... 又是拍照， 又是干啥，你们这样，影响好吗？”</h4>
<h2>近日警方动向/被捕者信息</h2>
<h3>北京</h3>
<p>9月1日，消息人士称异议人士张宝成再次被捕。张宝成是北京的新公民运动参与者，曾参与茉莉花运动、2013年要求官员财产公示运动、声援许志永、声援郭飞雄、抗议709维权律师大抓捕等活动，2011年在北京初次被捕后，先后四次入狱，于2022年11月获释。</p>
<h3>重庆</h3>
<p>9月3日傍晚，重庆解放碑附近一男子举牌抗议日本排放核废水，与警察发生争执后被警方带走。</p>
<h3>上海</h3>
<p>9月2日是公民记者张展的生日，她因报道武汉新冠疫情于2020年被捕，目前在上海女子监狱服刑。</p>
<p>2020年5月被捕后，张展曾长期绝食或半绝食抗议，以声明自己无罪。据“张展关注组”发起人王剑虹（推特@changchengwai）消息，近日，甘肃维权人士李大伟律师在于张展的母亲通话后得知，张展又一次因为肠胃病恶化被送入监狱医院，入院前体重暴降至37公斤，仅为被捕前的一半。王剑虹在自由亚洲电台的报道中预计，张展最快于明年5月获释，但当局若不提供营养补充和人道救治，张展的身体无法熬过这么长的余刑。相关人士和媒体仍在呼吁为张展争取保外就医或监外执行。</p>
<h3>香港</h3>
<p>据独立媒体报道，8月28日，2013年成立的香港撑粤语组织“港语学”宣布解散，主席陈乐行发文称，国安处于22日搜查其家人居所并问话，指三年前港语学一篇参加粤语征文比赛的小说涉嫌违反《国安法》，要求下架。
该征文比赛作品题为《我们的时代》，是一篇以2050年的香港为背景的虚构小说，讲述一名移民英国的男性回港寻找父母生前足迹，却发现街上许多人不再说粤语，中环被改名为“人民中路”，政府压制宗教自由，又提到父母多年前因吸入过多催泪弹气体过世。独媒引述目前在海外的陈乐行称，不认为《我们的时代》违反《国安法》，但为了保护在港家人的安全，他决定删除该文并停运“港语学”。</p>
<h3>湖南 长沙</h3>
<p>在蔡依林9月2日长沙巡演前，观众收到短信中要求“着装打扮不得违背公序良俗”，网友指出，原因是此前上海场和广州场观众着装与现场出现的彩虹灯遭到举报。此外，当天的长沙场没有《玫瑰少年》这首曲目。当天，”玫瑰少年“的微博话题遭封禁。</p>"
白纸-20230821至20230827周报,"<h1>白纸-20230821至20230827周报</h1>
<p>2023年8月21日-2023年8月27日</p>
<h2>近日行动信息</h2>
<h3>河北</h3>
<h4>霸州</h4>
<p>23日凌晨，霸州市王庄子乡靳家堡村民前往霸州市迎宾大厦（霸州市政府所在地）点燃蜡烛静坐抗议，随后砸碎了市政府大门。有消息称，抗议原因是村民不满每人1000元的安置补偿；现场视频中有在场村民说“整个霸州市只有王庄子镇没发……，其它镇都发了”；视频下方评论区亦有人提出根本没有拿到补偿金。</p>
<h3>云南</h3>
<h4>苍山</h4>
<p>25日，云南苍山某墙壁上写有标语“不要害怕边缘”，“如果只有一种声音，那它一定是谎言。如果只有一种人生，那它一定是黑色的。”在被刷白后又有人写上“我们要继续抱在一起站的笔直”。</p>
<h3>韩国</h3>
<p>据韩联社报道，韩国海洋警察厅20日逮捕了一名从中国驾驶摩托艇行驶约300公里抵达仁川的男子，该男子名叫权平。权平是吉林延边朝鲜族人，2016年，他身穿写有“习特勒、习包子、大撒币”的T恤上街抗议，被秘密逮捕并于2017年以“煽动颠覆国家政权”罪被判刑一年半，出狱后被禁止出境。BBC报道中提到，非盈利组织“对话中国”（Dialogue China）的倡议人士李大善（Lee Dae-seon）向媒体表示，权平正在考虑是否申请韩国难民身份，因为韩国每年仅有少量申请获批，权平可能考虑前往第三国。</p>
<h2>近日警方动向/被捕者信息</h2>
<h3>江苏</h3>
<h4>南京</h4>
<p>据自由亚洲电台采访，8月1日，前中国法官李建峰在前往老挝的移民总局拘留中心探望友人卢思位时被扣留审讯，因全程录像而被八名老挝警察抢夺手机，勒令其删除视频。
卢思位在7月持有效签证来到老挝，并计划于28日早上在塔纳楞火车站搭乘前往泰国的列车，却在通过出入境检查时被警察没收护照，而后被扣押。卢思位曾传讯息给友人，表示老挝警察要将他驱逐出境并遣返回中国。在卢思位被带上警车时，其友人曾表示要一同前行，但被十名以上的移民官员强行拉住、推开，并将卢思位推进车里。</p>
<h3>湖南</h3>
<h4>衡阳</h4>
<p>涉嫌“煽动颠覆国家政权”的拆墙运动发起人乔鑫鑫（本名杨泽伟）被当局正式逮捕后，家属同意授权人权组织“国际特赦”关注案件，在国际社会展开救援行动，并同意让体制外的律师介入，把相关法律文书公开。</p>
<h3>线上</h3>
<p>22日中国七夕节当天，多个LGBT+相关微信公众号遭到新一轮集体封禁，其中包括船思（原“跨之声”）、无性恋之声、飞天猫兄弟盟、北京出色伙伴（原“同性恋亲友会”）、北京拉拉沙龙、豌豆黄艺术小组、飞天猫兄弟盟等（不完全统计）。就在约三个月前的5月15日，著名NGO组织北同文化（原“北京同志中心”）宣布因“不可抗力”关闭。</p>
<p>24日，日本政府与东京电力公司开始将福岛核电站处理后的核废水排入太平洋，引发了中国互联网热议。曾于中国原子能研究院工作八年的前中国核电从业者李剑芒在微博上发布了一篇文章，分析福岛核废水的成分、排放方式、以及与其他国家的年氚排放当量比较等，表示网民无需过度紧张。这篇文章获1.2万点赞后遭删除，李剑芒微博也被封禁。此外，微信上的核废水相关科普文章多已消失：《福岛计划排放的核废水，真的危险吗》一文因违规无法查看；一公众号转载的《从福岛核废水说起：我们在谈论科学还是立场》一文因转载者担忧文章刺激部分读者可能带来的“喝茶”隐患将文章自主删除。25日，网易新闻小编在bilibili账号动态中对网民发出四条针对日本排放核废水的建议，其中包括“不要结婚生孩子”、“在家躺平“等，随后其账号被封禁。</p>"
白纸-20230814至20230820周报,"<h1>白纸-20230814至20230820周报</h1>
<p>2023年8月14日-2023年8月20日</p>
<h2>近日行动信息</h2>
<h3>山东</h3>
<h4>泰安</h4>
<p>16日，山东泰安市公交司机集体罢工以抗议公交单位拖欠他们近七个月的工资。一则视频显示，多名身穿相同制服的司机聚集于山东省一大楼（疑似为泰安市公共交通公司）前，现场约有两至三名警察，双方并未形成激烈冲突。当日，市民表示公交车未完全停运，但等待时间从五至十分钟增长至半小时以上。8月18日，泰安市交通运输局工作人员回应顶端新闻记者称已经召开专门协调会解决相关问题，并承诺尽快发清拖欠工资。</p>
<h3>海外</h3>
<p>据美国之音报道，13日，正值著名人权律师高智晟被强迫失踪6周年，高智晟妻子耿和女士与旧金山民主人士在中国驻旧金山总领馆前抗议，要求中国政府立即无条件释放高智晟，并停止使用强迫失踪和非法羁押等手段迫害人权捍卫者和异议人士。该活动是全球多地同时启动的“寻找高智晟”系列活动的一部分。目前，洛杉矶、纽约、西雅图、芝加哥、华盛顿DC、加拿大温哥华、多伦多、英国伦敦、日本东京等地也进行了相关声援抗议活动。
高智晟是出身陕西省的人权律师，执业初期多次义务帮助弱势群体代理案件，于2001年获评司法部“中国十大杰出律师”，后因代理多起敏感人权案件，于2006年以“煽动颠覆国家政权罪”获刑三年监禁，此后经历多次秘密绑架、酷刑，最终与2017年失踪，至今下落不明。</p>
<h2>近日警方动向/被捕者信息</h2>
<h3>黑龙江</h3>
<h4>泰来县</h4>
<p>18日，吉林网友张玉红女士乘坐出租车前往黑龙江泰来县宁姜蒙古族乡，希望探望“四通桥勇士”彭立发的家人。在进入宁姜地界后，她先后被6位身份不明人士拦截，其中一位向张玉红女士出示了警官证，并表示“有保密特殊警务，需要拦截外来车辆”。当天10点左右，张玉红女士被带入派出所，随后失联约48小时，至20日上午安全离开。</p>
<h3>香港</h3>
<p>据独立媒体报道，18日香港警方带走一名名叫余志欣的女子，据悉其与香港众志关系密切，涉嫌“协助在逃人继续从事危害国家安全的行为”。19日，香港警方又搜查罗冠聪家人住所，并将罗冠聪的大嫂带走调查。据香港民主委员会（HKDC）统计，截至8月19日，已有48名港人收到牵连打压。</p>
<h3>土耳其</h3>
<p>据美国之音18日报道，现居土耳其的维吾尔律师、人权活动家Jevlan Shirmemet曾在2020年初前往中国大使馆寻求他在新疆失踪的母亲的消息，被要求提供土耳其境内的政治活跃团体和相关人士的信息来交换。Shirmemet拒绝了这一要求，随后，他在新疆的其他家人打电话要求他“停止针对中国的维权活动”。根据公开资料，土耳其一直是逃离新疆的维吾尔人的主要落脚点，美国之音估计土耳其接纳了超过45,000名维吾尔人。</p>
<h3>线上</h3>
<p>本月中旬，中国摇滚乐队耳光乐队在各大主要互联网平台已被全面下架，包括但不限于豆瓣主页、百度百科、微博话题、视频音频等。此前，该乐队创作的歌曲《红孩儿十八赢》在互联网上引起关注，歌词涉及“动态清零”、铁链女事件、唐山打人事件、乌鲁木齐大火、河南村镇银行等多个热门社会议题。除了《十八赢》之外，耳光乐队的“十八系列”歌曲如《包大人十八黑》《马主任十八禁》等都以社会议题为主题。</p>"
白纸-20230807至20230813周报,"<h1>白纸-20230807至20230813周报</h1>
<p>2023年8月7日-2023年8月13日</p>
<h2>近日行动信息</h2>
<h3>河北</h3>
<h4>霸州</h4>
<p>8月7日，再次有霸州灾民前往政府大楼前聚集，要求政府承担责任。一则视频中，现场部署了多名特警，有灾民头部受伤流血。此外，录像者称警方对民众使用了辣椒水。视频中另一部分显示，现场民众一同举起一条红色横幅，与成排的警察与特警相对站立，高喊“还我家园！”的口号。</p>
<h4>高碑店</h4>
<p>8月9日，河北省保定市高碑店政府前因泄洪受到影响的新城村灾民聚集反映问题，在现场遭到特警的围殴。 当晚，高碑店政府门前有大量警方排列成人墙，进入戒严状态。此前，河北霸州的灾民亦在当地政府前抗议。</p>
<h2>近日警方动向/被捕者信息</h2>
<h3>北京</h3>
<p>澳大利亚籍华裔女记者成蕾被捕将满三年。近日，她的配偶向外界公布了一封她的口述信，其中讲述了她在狱中的经历，譬如“一年只有十个小时站在阳光下”以及对在澳大利亚的孩子的思念等。8月5日，澳大利亚总理阿尔巴尼斯呼吁中国当局尽快释放成蕾，表示对她状况十分担忧，并称她作为澳大利亚公民的人权应得到尊重。</p>
<p>此前，成蕾是环球电视网（CGTN)的主播，于2020年8月因“涉嫌与他国分享国家机密”被拘，具体的罪行并未公开。一年多前，她在北京的秘密法庭受审，至今未收到判决。</p>
<h3>香港</h3>
<p>8月10日，香港警署以涉嫌违反《香港国安法》为由逮捕了10名与”612人道支援基金”（已停运）有关的十人，并发布了一则公告。公告称，被捕者涉嫌串通“612人道支援基金”，从不同海外组织处接收捐款，并资助逃亡海外人士或与制裁香港相关的组织。由于港警对被捕人的住所进行了搜查，此后可能有更多相关人士被捕。</p>
<p>“612人道支援基金”成立于2019年反送中运动期间，是当时规模最大的援助组织，以众筹方式向被捕或受审的抗议者提供法律支援。同年9月，该组织停运。香港警察在2021年9月发通告称，以金钱方式资助违反《香港国安法》者的罪行同属犯罪。</p>
<h3>线上</h3>
<p>8月13日，柴静在微信公众号发布了新纪录片《陌生人》的预告，透露出纪录片的主题为欧洲的恐怖组织参与者与圣战分子。近一小时后，视频遭平台封禁。</p>
<p>柴静为知名中文记者，前央视主持人。她于2015年拍摄的一部关于雾霾的调查纪录片《穹顶之下》遭到当局封杀。目前，她与全家定居在西班牙。</p>"
白纸-20230731至20230806周报,"<h1>白纸-20230731至20230806周报</h1>
<p>2023年7月31日-2023年8月6日</p>
<h2>近日行动信息</h2>
<h3>河北</h3>
<h4>霸州</h4>
<p>8月4日，霸州市民当地政府前聚集抗议，并高举写着“还我家园，明明是泄洪原因，却说降雨所致！“的横幅。据悉，由于泄洪，霸州市多地区被淹，数万人损失惨重。当日的官方新闻“降雨致部分村庄淹没 被困人员被全部转移”，引发了当地民众的愤怒。此外，多位网友质疑该新闻中的“近12小时的紧张救援“为不实报道，称“一共就开了三个小时就走了”。</p>
<p>网传的两则抗议现场视频显示，警方与抗议者之间爆发肢体冲突，一队手持警用盾牌的黑衣人士对抗议者们进行殴打；此外，负责交涉的工作人员制止民众对现场摄像。视频中多位市民举起手机摄像，并大声质问：“为什么不让录？就录你们！”</p>
<p>8月5日，霸州市人民政府发布“致广大乡亲的一封信”，信中提及了河北省政府此前决定启用东淀蓄滞洪区的决定，并感谢当地群众的奉献和牺牲，表示将依法进行补偿。</p>
<h4>高碑店</h4>
<p>8月6日凌晨，高碑店政府派人员在无泄洪文件情况下偷挖112国道泄洪。据当地网友发布的抖音视频显示，现场夜间已有挖掘机就位，但由于多位当地居民彻夜与负责人员交涉，坚持阻止他们进行泄洪，6日清晨，最终政府人员未能推行原泄洪计划。</p>
<h4>涿州</h4>
<p>8月2日凌晨，保定市下属县级市涿州的白沟河茨村，政府人员派出人员偷挖大桥西堤，有民众发现后与官方人员对峙，反对决堤。
现场民众提出的质疑主要有四点：为何在有泄洪区的情况下要挖茨村的堤；在没有官方文件的情况下决堤是否属于犯罪；官方在未提前通知的情况下挖堤，完全不顾及村中的老人小孩；为何现场需要警察。
此后有视频显示护堤群众已经被特警带走，现场民众未能成功制止决堤。</p>
<h3>山东</h3>
<h4>烟台</h4>
<p>7月30日，烟台养马岛迷笛音乐节现场有歌迷手举旗帜上写着“这是我们最后一代，谢谢！！！”
这句话出自一则2022年5月11日的网传视频，一市民被防疫人员试图转运至方舱隔离，并遭到威胁称若不配合一家三代都会受到影响。他在视频中回应的一句“这是我们最后一代，谢谢！”在中国互联网上引发了广泛讨论，目前这一话题已被审查。</p>
<h2>近日警方动向/被捕者信息</h2>
<h3>地点</h3>
<h4>省份</h4>
<h5>市镇</h5>
<h6>老挝</h6>
<p>据自由亚洲电台采访，8月1日，前中国法官李建峰在前往老挝的移民总局拘留中心探望友人卢思位时被扣留审讯，因全程录像而被八名老挝警察抢夺手机，勒令其删除视频。
卢思位在7月持有效签证来到老挝，并计划于28日早上在塔纳楞火车站搭乘前往泰国的列车，却在通过出入境检查时被警察没收护照，而后被扣押。卢思位曾传讯息给友人，表示老挝警察要将他驱逐出境并遣返回中国。在卢思位被带上警车时，其友人曾表示要一同前行，但被十名以上的移民官员强行拉住、推开，并将卢思位推进车里。</p>"
白纸-20230724至20230730周报,"<h1>白纸-20230724至20230730周报</h1>
<p>2023年7月17日-2023年7月23日</p>
<h2>近日行动信息</h2>
<h3>黑龙江</h3>
<h4>齐齐哈尔</h4>
<p>7月23日齐齐哈尔中学体育馆坍塌事故发生后，7月24日，本地市民在齐齐哈尔第三十四中学门口献花悼念坍塌事件死难者，亦有不少外地市民通过外卖骑手将鲜花及食品等悼念物送到现场。通过7月26日的现场视频可以见到，齐齐哈尔第三十四中学外整条路上已经堆满花海。</p>
<h4>哈尔滨</h4>
<p>7月29日，中甲第16轮比赛黑龙江冰城vs南京城市，进球后，球员双手指天悼念齐齐哈尔逝者。赛前海报也以黑白为主基调。
据称，原本黑龙江球迷组织想带领全场默哀，但是因为赛前球迷组织和球队遭到约谈而不了了之。</p>
<h3>上海</h3>
<p>7月27日，有市民在齐齐哈尔路放下一束鲜花，悼念齐齐哈尔体育馆坍塌事故的逝者。
7月28日，上海市杨浦区齐齐哈尔路进入全路段戒备状态，每个路口都配备有警车和若干警察，路口之间有警服或便衣来回走动。据网友称，有闯红灯等交通违章行为基本不在他们关注内。</p>
<h2>近日警方动向</h2>
<h3>地点</h3>
<h4>省份</h4>
<h5>老挝</h5>
<p>据法国国际广播电台报道，7月28日，人权律师卢思位在老挝被捕。卢思位律师曾办理多起敏感人权案件，如2016年成都纪念“八九六四”酒案、2020年“12港人”偷渡案等。随后他被禁止离境，2021年被四川省司法厅吊销律师执业证。他此次原本打算逃离中国后在老挝乘坐前往泰国的火车，并最终前往美国与妻女团聚，但在将要乘上火车时被捕，目前下落不明。</p>
<h5>台湾</h5>
<p>24日，在2019年遭控间谍罪的台湾商人李孟居刑满获释。2019年8月20日，李孟居因拍摄中国武警在深圳湾体育中心集结训练的照片和影响被捕，随后被控“为境外刺探、非法提供国家秘密罪”并电视认罪。获释后，李孟居并未第一时间返台而是前往日本，据称是因为已与中方约定不在台湾总统大选结束前返台。</p>
<h5>泰国</h5>
<p>据追新闻27日报道，流亡荷兰的异见人士高志近期先后安排家人前往泰国，希望通过泰国前往荷兰寻求庇护，不料遭到身份不明人士冒名向当地机场、酒店和中国使馆发出炸弹警告，导致妻女3人被泰国警方拘留，前往荷兰的签证也被取消。高志引述荷兰政府的消息称，泰国警方宣称其妻女已经认罪并“自愿”返回中国。妻子刘凤翎的律师透露她已被泰国当局控以逾期居留，并引述警方称中国驻泰大使馆对案件“特别有兴趣”。</p>"
白纸-20230717至20230723周报,"<h1>白纸-20230717至20230723周报</h1>
<p>2023年7月17日-2023年7月23日</p>
<h2>近日行动信息</h2>
<h3>河南</h3>
<h4>郑州</h4>
<p>7.20河南水灾二周年纪念日当天，当地市民前往当时发生内涝致至少数十人死亡的郑州地铁5号线沙口站进站口献花悼念，但进站口处有多名工作人员站岗拦截，一旦见到有市民手持鲜花便上前抢夺。有网友表示，最终ta只能将花束放置在附近的公园。</p>
<h3>陕西</h3>
<h4>西安</h4>
<p>7月18日至22日，大量西安中考及高考生家长在西安新城广场、陕西省教育厅、盐店街信访接待中心、经开区信访局等多地连续抗议，要求西安市政府解决大量河南考生通过“回流”等手段参加西安中高考，导致西安录取分数线大幅上升的问题。抗议过程中有抗议者被便衣或警察殴打，亦有抗议者被带走。</p>
<p>22日凌晨，西安市政府公布解决方案，称将彻查3000余名“回流生”的考试资质、查处违法提供“高考移民”服务的教育机构、开放补录名额，并发布警情通报称已控制相关涉案人员13人。但抗议现场家长认为回流生远不止3000名，无法接受这一方案。22日白天至23日，西安大雁塔、新城广场等多地有大量警力戒严。</p>
<p>“回流生”指户籍在西安，学籍在其他城市，最终于西安参加考试的考生。 据悉，有消息称今年西安10万名中考生中有4万名河南“回流生”。由于教育资源分配严重不均，河南存在大量中介帮助考生家长落户其他省市，以期让河南考生“回流”到河南以外省份考学、减轻升学压力的情况。此外，由于西安近年大幅放宽人才政策，导致西安成为河南考生“高考移民”的重要选择之一。</p>
<h3>英国</h3>
<h4>伦敦</h4>
<p>7月21日，约一百人在伦敦市中心的皮卡地利广场纪念“721元朗袭击事件”四周年。抗议者在场高呼口号、向路人分发传单，并播放2020年香港媒体对此事的调查报道。此外，在美国、加拿大、澳大利亚等国也有举行集会。</p>
<p>“元朗袭击事件”指2019年7月21日香港反对逃犯条例修订草案游行结束后，有大批穿着白衫的人士，在有预谋下，手持铁棍等武器在西铁线元朗站附近无差别随机攻击路人和列车乘客，甚至追入车厢殴打。整个暴力过程持续一个多小时，造成至少45人受伤。</p>
<h2>近日警方动向</h2>
<h3>山西</h3>
<h4>定襄</h4>
<p>7月20日，公益法律人士郝劲松被山西一家地方法院以诈骗罪判刑八年，以寻衅滋事罪判刑一年九个月，合并执行刑期九年。郝劲松曾作为公民或公民代理人，对中国法治建设和司法改革中出现的损害公民利益的案件提起公益行政诉讼。2004年，郝劲松曾将中国国家税务总局、北京地铁、中国铁路等告上法庭，而后推动铁路部春运不涨价案，并因此入选“2004构建经济和谐十大推崇人物”，后于2006年当选中国十大消费维权人物。2019年，郝劲松被以“寻衅滋事罪”传唤两次并被行政拘留，期满后转为刑事拘留至今。</p>"
白纸-20230710至20230716周报,"<h1>白纸-20230710至20230716周报</h1>
<p>2023年7月10日-2023年7月16日</p>
<h2>近日警方动向</h2>
<h3>上海</h3>
<p>据自由亚洲电台报道，上海将在“健康码”基础上，更新迭代并率先推出“城市码”。上海大数据中心通过对个人实施“一人一码”及对企业实施“一企一码”，加强对数据的监控。</p>
<h3>新疆</h3>
<h4>喀什</h4>
<p>据自由亚洲电台7月11日报道，此前在2022年12月因转发乌鲁木齐火灾及白纸运动相关视频被捕的维吾尔女学生Kamile Wayit目前正在喀什木什女子监狱服刑，刑期为3年。自由亚洲电台援引消息人士称，Kamile此前被关押在阿图什国家安全拘留中心，因她的被捕引起国际社会关注，所以她的刑期较短——此前大多数媒体和消息人士认为Kamile可能被判处最高5年徒刑。《卫报》6月8日的报道中提到，Kamile的哥哥担心她的健康问题，因为她在2017年父亲被关入”再教育营“后患上了抑郁症。关于本报对该事件的更多记录，可参见6月5日-6月11日周报。</p>
<h3>香港</h3>
<p>根据独立媒体报道，7月11日早晨，香港警方将前香港众志主席罗冠聪的父母及兄长带走录取口供问话，并进行搜屋。7月3日，香港国安处宣布以每人100万港元悬赏包括罗冠聪在内的8名流亡海外的港人（关于该事件的更多详细信息，参见7月3日-7月9日周报）。罗冠聪于2020年6月离港流亡英国，同年在SNS上宣布已与家人断绝关系，不再往来。</p>"
白纸-20230703至20230709周报,"<h1>白纸-20230703至20230709周报</h1>
<p>2023年7月3日-2023年7月9日</p>
<h2>近日行动信息</h2>
<h3>海外</h3>
<p>7月9日，新西兰奥克兰Aotea Square、美国纽约曼哈顿时代广场，加利福尼亚州洛杉矶和旧金山等地举行了声援“709大抓捕”被捕律师的游行集会，纪念被非法拘禁和非法审判的人权律师和异议人士，要求中共当局释放他们并停止对他们的迫害。</p>
<h2>近日警方动向</h2>
<h3>北京</h3>
<p>北京光华路大北窑南公交站旁，有民众遇见民警随机抽查路人的手机。</p>
<h3>香港</h3>
<p>据端传媒报道，7月3日，香港警务处国家安全处召开记者会，宣布悬赏每人100万港元通缉8名被指违反《港版国安法》的海外港人。被通缉的8人分别为立法会前议员郭荣铿、许智峯、罗冠聪，法政汇思前召集人任建峰、企业家袁弓夷、职工盟前总干事蒙兆达、香港民主委员会执行总监郭凤仪，以及“揽炒团队”创办人刘祖迪。国安处表示，被通缉人士的罪行包括勾结外国势力及反中国政客组织、请求外国制裁香港法官、破坏香港金融中心地位、在社交媒体上鼓吹“港独”“台独”等。</p>
<h3>不明</h3>
<p>据德国之声7月8日报道，一名持有德国国籍的华裔男性前不久在中国旅行期间遭到警方施压。报道称，警察在该男性到达某地机场时将其带入一个房间，询问他是否在柏林参加了2022年12月3日抨击中国政府的“自由中国，白纸革命”示威活动，该男性否认后，警察向其出示了他在集会现场的照片，并开始要求他提供集会组织者和参与者的信息。在几个小时的审问后，该男性不得不提供了两位集会参加者的姓名。目前德国安全机关已介入此事。</p>
<h3>德国</h3>
<p>因参加并报道李强访德时德国华人举行的抗议活动（详见6月19日-6月25日周报），德籍华裔记者苏雨桐身处中国境内的家人被公安严重骚扰与威胁。</p>"
白纸-20230626至20230702周报,"<h1>白纸-20230626至20230702周报</h1>
<p>2023年6月26日-2023年7月2日</p>
<h2>近日行动信息</h2>
<h3>加拿大</h3>
<p>7月1日为加拿大国庆日，多伦多香港人及“多伦多支持中国民运会”举行活动，声援异见人士，纪念六四。参加者齐唱《愿荣光归香港》，现场亦有中国人举牌支持白纸运动及彭立发、张展、维吾尔人等。</p>
<h3>线上</h3>
<p>6月24日，微信公众号TightBelt发布文章《MeToo投稿|关于上海戴姓摄影师长期性骚扰问题的调查》，指控“上海戴姓摄影师”自2014年起语言/肢体性骚扰、偷拍多位女性，其中最年轻的受害者在被性骚扰时只有15岁。这一指控被广泛认为指向知名摄影师戴建勇。戴建勇以对其妻子进行长期日常抓拍的摄影集《朱凤娟2008-2015》闻名。</p>
<h2>近日警方动向/被捕者信息</h2>
<h3>北京</h3>
<p>据北京网友分享，北京一天桥上原本写有四通桥的路牌已被更换。此前，根据德国之声6月3日报道，四通桥上的路牌已被拆除，百度地图、高德地图和腾讯地图上简体中文”四通桥”的搜索结果也被删除。</p>
<h3>湖南</h3>
<h4>郴州</h4>
<p>据自由亚洲电台报道，湖南异议人士谢文飞因“寻衅滋事罪”被判刑四年半。日前，谢文飞的哥哥谢丰春接到其来电，证实在不能聘请律师的情况下，他被湖南郴州市法院重判，且两次审讯均没有安排家属到场旁听。据了解，在当局压力下，家属至少三次被迫解除对律师的委托。谢文飞曾因声援香港雨伞运动，在2016年被以“煽动颠覆国家政权罪”判刑四年半。2020年又被郴州公安带走，羁押在资兴市看守所。据其好友所说，其在获释后仍就时政发表看法，又曾发文悼念已故异议人士林昭，他推测这可能导致当局对他“算总账”。</p>
<h3>广东</h3>
<h4>广州</h4>
<p>6月26日，知名维权人士、作家郭飞雄（本名杨茂东）煽动颠覆国家政权罪二审经广东省高级法院不开庭审理，宣判结果为驳回上诉、维持原判。此前在5月11日，郭飞雄被以“煽颠”判处有期徒刑8年，郭飞雄当庭表示不服判决并提起上诉。（关于本案的更多详细信息，请见5月8日-5月14日周报）</p>
<h3>香港</h3>
<p>6月30日起，以往作为七一游行起点的维多利亚公园一连三日举行“庆回归”活动，有多辆警车停于维园门口，附近的地铁站外亦有警员巡逻。香港七一游行是由民间人权阵线（后文均称“民阵”）等社会运动组织发起与主办的游行示威活动，自2003年起每年举行，与八九民运游行一样成为了香港民主抗争的精神象征。2020年，警方以疫情为由禁止民间团体申办七一游行，当日到场的民众被港警以催泪弹、水炮车等方式进行武力镇压。2021年，一直以来筹备七一游行的民阵宣布今年将不再申请举办游行，而民阵也在《港区国安法》通过后被指为“无注册社团”，大量成员陆续退团，最终于2021年8月13日宣布解散。</p>
<p>据港媒独立媒体报道，7月1日，七一刺警案发生后的两年，在事件发生地点铜锣湾有重兵驻守，警察截停搜查加强，有大批警员戒备和巡逻，有记者被截查随身物品。不过并未如六四设立封锁区搜身，搜查完即获放行。七一刺警案，又称铜锣湾刺警案，发生于2021年7月1日，一名名为梁健辉的50岁男子疑因反对《国安法》，以及对社会和警察的不满，在香港铜锣湾崇光百货外突然用刀刺伤一名防暴警察，而后自杀。事发时，这名警察正在为禁止七一游行而进行场外巡逻。</p>"
白纸-20230619至20230625周报,"<h1>白纸-20230619至20230625周报</h1>
<p>2023年6月19日-2023年6月25日</p>
<h2>近日行动信息</h2>
<h3>北京</h3>
<p>6月22日，北京大学，一名未能确认身份的人士在家园食堂门口举牌“罢黜一党极权，拥抱多党制度”，随后被立即带走。据牌子上写着的个人网络平台信息，这名抗议者的身份可能是一位名为“张生”的男子。</p>
<h3>新西兰</h3>
<h4>奥克兰</h4>
<p>6月24日，纽西兰民主平台在奥克兰皇后大街拉横幅举牌游行，主题为反对跨境抓捕；支持拆墙运动；声援乔鑫鑫、编程随想。</p>
<h3>德国</h3>
<h4>柏林</h4>
<p>6月20日，因李强来访柏林，当地华人在德国总统府前组织了抗议活动。抗议人群举了“释放阮晓寰”“释放丁家喜”“支持拆墙运动”等字样的海报。据推特用户Suyutong的描述，在抗议人士对面有群统一身穿红色衣服的人，举着“热烈欢迎李强总统访问德国”的横幅，且有中国使馆人员在偷拍，被发现后就立即放下手机或假装打电话。</p>
<h3>线上</h3>
<p>自本月初王丹被指控性骚扰后，台湾metoo运动进一步烧进中国异议人士圈和社运领域。6月20日，知名人权律师滕彪在推特发表一篇道歉声明，为2016年在印度开会期间向新闻工作者心语“笨拙求爱”未遂道歉，但受害人心语随后指出，滕彪的行为是“强暴未遂”，且未按两人约定擅自发布未经心语同意的道歉声明，是为扭曲事实、抢占话语权。
在6月13日爆出被捕的维权人士程渊（关于程渊判决书的更多消息，请见6月12日-6月18日周报）之妻施明磊，于6月21日在facebook发文称自己在2020年前往长沙为丈夫维权期间，被一位邓姓维权律师以沟通程渊被捕消息为借口性骚扰未遂的经历。文章称，该律师是“湖南律师的精神领袖/NGO老前辈”，而施女士曾试图向几位熟识的律师倾诉此事，却被回应“可能是喝多了”。
6月22日，前中国政治记者赵思乐发文，指人权律师王秋实在2015年一个大型政治案件期间性骚扰多名被捕者亲友，要求她们发送隐私照片换取被捕者的最新消息，而赵思乐在与王秋实约谈此事时，在王秋实的办公室遭到性侵。公开资料显示，在2015年“女权五姐妹”被捕期间，王秋实担任辩护律师，被女权主义者肖美腻曝光性骚扰被捕者家属和参与救援的女权人士。</p>
<h2>近日警方动向/被捕者信息</h2>
<h3>山东</h3>
<h4>临沂</h4>
<p>据推特用户罗盛春消息，李翘楚案件再次被法院搁置。庭审当日，其中一位律师以人身检查为由被阻止进入法庭，而另一位律师进入法庭后，提出的所有法律要求，如：传证人到庭、调取有关证据、申请有关人员的回避等，均遭拒绝。律师无法进行辩护，要求李翘楚解除委托，当场退庭。</p>
<h3>北京</h3>
<p>“709”律师王全璋及其妻子李文足在6月10日搬入新的住所后不断被逼迁（详见6月12日-6月18日周报），至今为止经历了超过五次断电断水，民警与物业多次以“非法入侵”为由要求他们搬走。6月19日，李文足给供电局打了保修电话，希望恢复供电，但维修人员在到楼下时被不知名人员拦住。据悉，王全璋、李文足两个月以来已被逼迁十三次。</p>"
白纸-20230612至20230618周报,"<h1>白纸-20230612至20230618周报</h1>
<p>2023年6月12日-2023年6月18日</p>
<h2>近日行动信息</h2>
<h3>香港</h3>
<p>2023年6月15日是反送中运动中首名死者梁凌杰逝世四周年纪念日，据独立媒体报道，多位市民在金钟太古广场摆放鲜花和纪念灯箱表达悼念，现场一度有20余名便衣及军装警察在旁戒备，并对献花市民实时录影。放置的献花被频频收走，亦有市民因献花被警察检查身份证，或被警察开具乱扔垃圾罚单。太古广场外的一角，有市民放置绘有梁凌杰身穿黄色雨衣身影以及写有“信念不死”字样的灯箱。
梁凌杰是香港社会运动人士，曾参与雨伞革命及反送中运动。2019年6月15日，他身穿写有“林郑杀港 黑警冷血”字样的黄色雨衣，爬到金钟太古广场外高逾20米的临时工作平台，挂出写有“全面撤回送中，我们不是暴动，释放学生伤者，林郑下台，Help Hong Kong”的横幅。
他在工作平台上站立5小时之久，并拒绝与警方谈判专家交谈。当晚9点，梁凌杰爬出平台，4名消防员欲将其拉回未果，最终坠楼不治身亡，成为反送中运动中的首名死者。翌日6月16日，香港200万人走上街头要求撤回《逃犯条例》。</p>
<h3>近日警方动向/被捕者信息</h3>
<h4>湖南</h4>
<h5>长沙</h5>
<p>6月13日，NGO长沙富能负责人程渊之妻施明磊通过个人推特公开了”长沙富能案“判决书，其中提到程渊、刘大志、吴葛健雄（以下统称“长沙公益仨”）三位NGO长沙富能成员因颠覆国家政权罪分别被判有期徒刑5年、2年和3年。根据判决书，长沙公益仨曾参与的项目中包括发起于2019年的著名github开源项目996.icu，其中吴葛健雄是附属板块996action和996law的参与制作者，主要工作包括制作《劳动仲裁与劳动诉讼的攻略手册》、利用法律工具向政府申请信息公开、向马云等互联网巨头企业家寄送劳动法、向政府提出《劳动监察条例》修改建议等。
根据公开资料，长沙公益仨于2019年7月22日被拘留，8月以涉嫌颠覆国家政权罪被正式逮捕，之后秘密羁押两年，2020年9月被秘密开庭定罪，就连被告的辩护律师都未上庭，直到本周，程渊家属才在湖南赤山监狱争取到会见并接触到本案判决书。
根据施明磊推特，程渊及长沙富能长期关注残障人士、乙肝/艾滋携带者等弱势群体权益以及律师执业权、劳工权益等议题，倡导以法律赋能弱势群体来捍卫合法权利。
此前网传程渊为996icu项目的发起人，根据996.icu在github上的commit记录，目前该项目的真正发起人已将项目自述文件README_CN.md中长沙富能参与过的996law和996action链接删除。</p>
<h4>北京</h4>
<p>据自由亚洲电台消息，""""709""""事件中遭到打压的中国维权律师持续受到中共当局的驱赶，除了维权律师李和平一家，6月14日，律師王全璋及家人也曾遭北京公安逼迁，并且在6月18日被多名部署在他家附近的警察围困在家中，并被切断供电，封锁电箱。</p>
<h4>四川</h4>
<h5>达州</h5>
<p>6月16日下午，前记者兼媒体人雨声（原名殷玉生）在四川达州市通川区法院门口被警察强行带至派出所。据其自述，达州凤西派出所所长带他进入派出所后，指挥多人将他摁住，并动手将他的头往墙上撞，随后雨声被铐在询问室八小时才被放出。据悉，当日雨声原先计划前去旁听一个公开审理的刑事案件的开庭，但在该案的庭审进行至十多天时，合议庭突然下达命令禁止旁听，他在下达禁止令后仍选择前去，即日被保安阻扰后带走。</p>
<h4>香港</h4>
<p>据香港媒体法庭线消息，曾于今年3月回港更换身份证时被拘捕并没收护照的日本留学生袁静婷于6月16日获准保释，且被要求须以一万元现金及母亲一万元人事担保，期间不得离港、须交出旅游证件、在报称地址居住、每周到警署报到，以及不得直接或间接接触控方证人。案件押后至8月2日再讯。此前她被控“作出一项或多项煽动意图的作为”罪，指她在2018年-2023年留学日本期间在社交媒体上发布“煽动性言论”。</p>
<h4>线上</h4>
<p>6月14日，全球各地区的港人均反馈，《愿荣光归香港》传播度最广的版本已在多个串流音乐应用程序中下架。6月18日，YouTube平台《愿荣光归香港》的视频中浏览量最高的一版也已变成“私享视频”，无法被搜索及播放。此前，港府已拟将该曲封禁（参见6月5日-6月11日周报）。</p>"
白纸-20230605至20230611周报,"<h1>白纸-20230605至20230611周报</h1>
<p>2023年6月5日-2023年6月11日</p>
<h2>近日行动信息</h2>
<h3>台湾</h3>
<h4>台北</h4>
<p>为纪念香港反送中运动四周年，在台港人与台湾民主团体于6月10日下午举行以“逆风并行，再见香港”为主题的游行，近千人参与。主办单位表示，“再见香港”既是告别，也有期盼重聚的意义。参加游行的群众从台湾大学正门出发，一路步行至自由广场，高举“光复香港，时代革命”、“纪念六四不是罪”、“人权倒退”、“港府释放邹幸彤”等标语，并齐喊口号，沿途播放歌曲《愿荣光归香港》，呼吁国际社会关注香港的人权问题。</p>
<h3>海外</h3>
<p>香港反送中运动满四周年之际，全球各地的港人本周末在各大城市举办纪念集会活动。“悼念六四”与“七一大游行”原是香港重要的民主活动，但现在已无法在香港举行。海外港人带着“全世界都是维园”的信念，将民主活动持续进行下去。其中，德国法兰克福在当地时间6月10日展出了曾于2019年反送中期间登上狮子山顶的香港民主女神像；6月11日，日本东京涉谷也举行了反送中抗争四周年游行。</p>
<h2>近日警方动向/被捕者信息</h2>
<h3>北京</h3>
<p>据中央通讯社6月8日报道，异议人士、作家章诒和日前被禁止出境。报道称章诒和购买了7月2日的机票，6月7日她参加中国艺术研究院的活动时，因对图书馆、博物馆的捐赠收到出席活动的文化部官员嘉奖，在与该官员闲谈两小时后却被告知“您不能出境”。章诒和未进一步询问原因，因为她认为“官府的话可以没有解释”。
章诒和的父亲章伯钧是民盟、农盟创始人，曾任全国政协副主席和中华人民共和国交通部长等职，亦是被认定不予平反的5位中央级右派之一。章诒和曾出版许多部描写反右运动和文革的书籍，如《往事并不如烟》等，其中有多部被中共查禁。</p>
<h3>陕西</h3>
<h4>宝鸡</h4>
<p>6月8日，人权律师常玮平在陕西凤县被以颠覆国家政权罪判处有期徒刑3年6个月，刑期至2024年7月。常玮平曾代理多起涉及上访、死刑冤案、疾病歧视、性少数等议题的敏感人权案件。他出席了2019年厦门会议，随后在2020年1月首次被捕及指定住所监视居住，期间被吊销律师执业证，10天后取保获释。取保候审期间，他在个人youtube频道上发布视频披露自己在监视居住期间遭到酷刑，“我被锁在宝钛宾馆招待所的房间的老虎凳上，每天24小时，10天的时间……我右手的食指和无名指到现在依然是麻木的、没有知觉或者知觉不正常。”随后在视频发布6天后失联，2021年4月7日正式以涉嫌颠覆国家政权罪被逮捕。</p>
<h3>新疆</h3>
<h4>阿图什</h4>
<p>据卫报6月8日报道，此前于2022年12月12日被警方带走的19岁维吾尔女学生Kamile Wayit（关于本报对该事件的过往记录，请见1月23日-1月29日周报）根据一位外交部发言人向《经济学人》记者提供的消息，已于3月25日因“宣扬恐怖主义、极端主义、煽动实施恐怖活动罪”被判刑。消息人士没有透露具体的刑期，这一罪名最高可判处5年有期徒刑。Kamile就读于河北一高校，2022年11月乌鲁木齐火灾发生后，她在朋友圈转发了火灾与白纸运动相关的视频，之后在假期回到新疆探亲时被捕。
目前已知的大部分白纸运动相关被捕者都在2023年4月之后陆续获释或取保候审。Kamile没有实际参与任何一场抗议活动，但她是截至目前已知的唯一未获释的白纸运动相关被捕者。</p>
<h3>云南</h3>
<h4>玉溪</h4>
<p>据德国之声6月9日报道，此前云南纳古镇纳家营在5月27日因政府强拆清真寺发生警民冲突后（详见5月22日-5月28日周报），目前已有多人被逮捕。报道援引居住在海外的回族穆斯林活动人士称，中国当局仍在敦促参与冲突的人自首，并誓言将按原计划拆除清真寺的圆顶和尖塔。</p>
<h3>香港</h3>
<p>香港政府6月6日宣布，律政司已向法庭申请禁制令，禁止播放或传播歌曲《愿荣光归香港》。这首歌曾在2019年的反送中活动中广为传唱。</p>
<h3>老挝</h3>
<p>“拆墙运动”组织者乔鑫鑫（本名杨泽伟）已于老挝失联超过一周，至今下落不明，疑似被中国公安跨境抓捕。据自由亚洲电台的报道，乔鑫鑫的老挝邻居目击到其在5月31日被八名身着警服的人锁上手铐带走。今年3月28日，乔鑫鑫与其他民主人士一同发起“拆墙运动”，旨在反对防火墙对中国互联网的控制。</p>"
白纸-20230529至20230604周报,"<h1>白纸-20230529至20230604周报</h1>
<p>2023年5月29日-2023年6月4日</p>
<h2>近日行动信息</h2>
<h3>北京</h3>
<p>6月3日，一名女子在鸟巢国家体育场外从高处抛洒传单并挥舞美国国旗，当天，台湾流行乐队五月天正在鸟巢内举办演唱会。该女子稍后被安保人员控制。</p>
<p>传单上印有《独立宣言》选段及“致同胞们的一段话”（节选）：”在这个世界上，是先有人才有了国家、法律等一切社会规范，在我们是哪个国家的人之前，我们首先是一个人，是一个个体，是人创造了国家……我们应当忠于正确的价值观，而不是忠于哪个政党……如果你和我想的一样，那从现在起请想一想你能为中国的自由民主做些什么？立刻行动起来！做你能做的！我们已经没有时间了！“</p>
<p>此事发生后，中国社交媒体即刻将相关关键词列入审查范围。据中国数字时代报道，包含“五月天演唱会”、“鸟巢”关键词的微博须经审查后才可公开可见。而于6月3日搜索相关敏感词的结果显示，仅有加V用户发布的内容可见；此外，“玲珑塔”的搜索结果几乎被完全清空。“独立宣言”的搜索结果仅不足40条，除蓝V所发博文外均不可见。</p>
<h3>清华大学</h3>
<p>6月2日，清华大学据传出现“重大教学安全事故”，一教室的黑板与投影仪上被写上标语：黑板上，写着“不要文革要改革，不做奴隶做公民”及“习近平下台”等字样，投影仪上放映了六四纪念相关的图片，并提出对共产党的“五大诉求”。校领导在保安科调取了监控录像，确认是马院学生会所为。据称，马院研究生会外联部部长徐俊平已被控制。</p>
<h3>香港</h3>
<p>原本为香港六四悼念活动传统地点的维多利亚公园，今年被用于举办“家乡市集”（详见5月22日-5月28日周报），同时有多位民主派人士在六四前夕收到警方来电，警告他们不要经过维园。高压下，香港市民并未停止悼念活动，而是多以个人名义分散进行。</p>
<p>6月3日至4日，香港铜锣湾区域有部分市民与社运人士到场悼念。其中多名香港市民因为身穿黑衣、当街高喊口号、手持鲜花，蜡烛，或纸张、背包内携带花束、开启手机手电筒、衣物上的文字图案、携带六四运动历史书籍及其他不明原因，被警方截查或带上警车，其中包括艺术家三木、“王婆婆”王凰瑶、民主活动家陈宝莹、社民连成员曾健成、行为艺术家陈美彤、2008年维他奶工潮发起者杜志权、职工盟前副主席邓建华、前支联会常委徐汉光、香港记者协会前会长麦燕庭、天安门母亲运动成员，现台湾大学研究生刘家仪等。此外，据端传媒报道，有外籍学生也在现场遭到警方截查。据自由亚洲粤语报道，全日至少23人遭拘捕或带走调查。</p>
<p>维园六四烛光晚会曾为全球规模最大的六四悼念活动。于1990年至2019年间，香港支联会（市民支援爱国民主运动联合会）每年于香港维多利亚公园的硬地足球场举办该集会。自2020年起，六四悼念活动被警方以疫情为由禁止，随着《国安法》实施，支联会于2021年9月解散，尽管防疫措施纷纷解除，合法的六四悼念活动不复存在。今年是无人申办集会的第二年。</p>
<h3>台湾</h3>
<p>自5月31日前民进党工作人员发文称在工作中被性骚扰却遭时任妇女部主任許嘉恬施压冷处理之后，台湾政坛metoo持续延烧，之后不断爆出民进党党工陈右豪、政治评论员张宇韶、民进党组织部副主任林男固、国民党立委傅崐萁被指控性骚扰，民进党青年部主任蔡沐霖接到性骚扰举报后反而对受害者言语侮辱等案件。
此次metoo延续到了台湾政坛之外：端传媒前评论总监曾柏文，前深圳大学教授、流亡诗人黄贝岭，中国六四运动学生领袖之一王丹皆受到性骚扰指控。其中，王丹表示指控出于政治目的，称相关指控均不属实。第一位提出指控的受害者李元钧于6月4日召开记者会要求王丹公开道歉，否则将于6月6日通过法律手段提起告诉。6月3日，台湾清华大学硕士徐豪谦也于Facebook发文章讲述自己曾在ktv遭到王丹性骚扰的经历。</p>
<h3>美国</h3>
<h4>纽约</h4>
<p>6月2日，座落于纽约曼哈顿市区的""""六四纪念馆""""开幕。展出的百余件历史物品中，30多件来自89年的天安门广场，大多由身处海外的人士捐赠，其中包括染血衣物、横幅、帐篷、学生信件、油印机等。馆中亦陈列了部分香港媒体对八九民运与六四镇压的报道。</p>
<p>该纪念馆的创办人，民运人士王丹表示，该纪念馆的成立处于对六四事件相关记忆的保存。因王丹近日被指控性骚扰（详见前文台湾#MeToo事件），在纪念馆成立当日，从场馆到中国驻纽约领事馆的游行中，一名抗议者高举“民主不是通过性传播”标语。据悉，王丹当时就位于其附近。</p>
<p>该纪念馆是继成立于2012年的香港六四纪念馆被当局强迫关闭后，现时全球唯一的常设展览。</p>
<h4>伦敦</h4>
<p>伦敦特拉法尔加广场</p>
<h3>日本</h3>
<h4>新宿</h4>
<p>6月4日傍晚，东京新宿车站南口外也举行了六四集会，六四学生领袖之一周锋锁到场演讲，并展示了纽约六四纪念馆的部分展品。现场亦有展板对王丹进行谴责，要求其为性骚扰罪行道歉。</p>
<h3>澳大利亚</h3>
<h4>悉尼</h4>
<p>5月27日至28日，悉尼民运人士在华人聚居地区的街头举办""""六四图片展览""""。6月4日当天，悉尼民众在市政厅前举行六四纪念活动，到场的人群中亦有维吾尔人、藏人、香港人和台湾人。</p>
<h4>布里斯班</h4>
<p>6月4日，布里斯班的UQ Great Court举行了纪念六四天安门事件中国民主运动的活动。</p>
<h3>其它</h3>
<p>波兰华沙、英国伦敦特拉法尔加广场、剑桥国王学院、新西兰基督城追忆桥、剑桥国王学院、泰国北碧府、荷兰阿姆斯特丹水坝广场、法国巴黎、加拿大埃德蒙顿等多地举行了六四悼念活动。</p>
<h2>近日警方动向/被捕者信息</h2>
<h3>北京</h3>
<p>据德国之声消息，6月3日，中国警方加强了对去年发生罕见抗议活动的北京四通桥的戒备，拆除了写有该桥名的路牌；当日，在地图应用程序百度地图、高德地图和腾讯地图上用简体中文搜索""""四通桥”，出现""""未找到相关地点""""的信息。</p>
<p>6月3日晚，网友发现天安门广场预约参观小程序因”系统维护“关闭。6月4日下午，天安门广场入口突然因”机器故障“无法进入。当天，东长安街和南池子大街交口有警察检查行人手机和携带物品，还有市民在天安门东地铁站的安检口被没收了花束。</p>
<h3>上海</h3>
<p>5月31日，贝女士与外界失联，其于当日被上海长海路派出所带走。6月2日，经相关人士确认，贝女士已安全回家，但被没收手机，目前处于无法与外界联系的状态。“编程随想”阮晓寰的母亲也于近日也收到电信运营商的防诈提醒短信与公安电话，要求其不能提供个人信息。</p>
<h3>香港</h3>
<p>据推特用户 @邵嵐 消息，被监禁的社会活动家、支联会副主席邹幸彤在狱中绝食34小时，以纪念六四天安门广场大屠杀34周年。香港监狱当局将邹幸彤单独监禁，作为对她纪念行为的惩罚措施。</p>
<h3>线上</h3>
<p>6月4日，德国驻北京大使馆和英国大使馆均在微博公开发文表达对六四的悼念，内容均已被删除。据推特网友截图以及录屏显示，德国大使馆发送了一段21秒的视频，黑色的画面中一只白色蜡烛出现，最后归于漆黑。英国大使馆发布了1989年6月4日的人民日报头版，据悉，博文内容为中英文双语的“今天，我们纪念那些在1989年6月4日中国政府的镇压中失去生命的人们。虽然中国禁止对当日发生的惨烈事件进行任何公开讨论，我们今天在社交媒体上发布这张图片，以此说明党媒事实上曾报导过这一事件。”</p>"
白纸-20230522至20230528周报,"<h1>白纸-20230522至20230528周报</h1>
<p>2023年5月22日-2023年5月28日</p>
<h2>近日行动信息</h2>
<h3>北京</h3>
<p>5月24日，北京某设计院的6名设计师因连续拿了7个月的“低保工资”，已难以维持生计，联名上书罢工。</p>
<h3>湖北</h3>
<h4>武汉</h4>
<p>5月23日上午，武汉市一群医护人员于江汉区卫健委拉横幅抗议。横幅上写有“还我抗疫血汗钱”“还我编制”字样。</p>
<h3>云南</h3>
<h4>玉溪</h4>
<p>5月27日上午，由于政府强拆清真寺，通海县纳家营当地穆斯林与武警发生冲突。现场大量武警列队，拦住试图进入清真寺的人群。有特警持警棍并朝抗议人群喷辣椒水。下午1点30分左右，抗议人群进入清真寺，发现寺内已遭到破坏，施工人员弃下工具撤离。警方亦持续派出增援，现场出现了无人机、通讯车与大型信号屏蔽器。据悉，当日抗议人群与武警发生过多次冲突。直至5月29日，当地有关部门仍未给出任何答复或后续解决方案。</p>
<h2>近日警方行动/被捕者信息</h2>
<h3>北京</h3>
<p>5月24日，何伟律师受余文生律师家属委托前往北京石景山公安局，为余文生办理委托手续及查询案件时，被告知“无查询义务”，申请会见亦被拒绝。此前在5月21日，余文生律师及其妻子许艳女士因声援丁家喜、许志永等人被正式批捕，何伟律师接受余文生律师家属委托成为余文生律师夫妇的辩护人。</p>
<h3>5月25日凌晨，维权律师王全璋之妻李文足女士的住所被警察以调查吸毒为由上门调查。据自由亚洲电台报道，李文足女士及未成年的儿子自4月底以来受北京公安压力所迫，已经换了九个住所。此次ta们搬进好友家借住，却在凌晨遭警察突然先后三次上门。警方称接到群众举报有人聚众吸毒，甚至一度威胁要破门。</h3>
<p>王全璋律师在2015年“709大抓捕”中被捕，此后失联超过1000天，于2019年1月被以颠覆国家政权罪判处有期徒刑四年六個月，出狱后仍被限制人身自由，无法与家人团聚。</p>
<h3>香港</h3>
<p>今年是六四事件34周年。自1990年开始，铜锣湾维多利亚公园在每年6月4日当晚都会举行华人世界最大规模的烛光晚会，而在2021年、2022年，连续两年，香港警察都以《公安条例》相关规定对维园进行封锁。但据独立媒体报道，今年6月3日至5日，香港广东社团总会及多个同乡社团将在维园举行“家乡市集”活动，大会称现场将有“摊位游戏、舞台表演”等。律政司司长林定国被问到市民自行前往维园悼念是否违法时，称不会就假设性问题判断行为是否犯法，但重申市民应该要知国安法。</p>
<h3>国际特赦组织（Amnesty International)于5月26日表示，一名名为阿布都雷赫曼的维吾尔族学生在5月10日乘坐国泰航空从首尔入境香港，在机场接受中国警方讯问后至今下落不明。</h3>"
白纸-20230515至20230521周报,"<h1>白纸-20230515至20230521周报</h1>
<p>2023年5月15日-2023年5月21日</p>
<h2>近日行动信息</h2>
<h3>河南</h3>
<p>焦作</p>
<p>5月14日，河南省村镇银行储户在焦作市人民银行表达诉求，据视频显示，储户拉白底黑字横幅抗议，现场疑似使用催泪瓦斯驱散人群。</p>
<h3>哈尔滨</h3>
<p>5月17日，哈尔滨某高校，有人贴出骄傲旗支持国际反恐同恐跨，随后被学生撕下并发至校园集市，号召大家举报学校内有境外势力。</p>
<h2>近日被捕者信息</h2>
<h3>北京</h3>
<p>5月21日，中国人权律师余文生及其妻子许艳女士以寻衅滋事罪被正式批捕。此前在4月15日，余文生律师及许艳女士曾在前往欧盟驻华代表团声援许志永、丁家喜等人的路上被刑事拘留。余文生律师曾代理多起知名维权案件以及在“709大抓捕”中被捕的多位律师案件，2018年十九大期间因发表修宪公民建议书被捕，判刑四年。</p>
<p>5月15日，中国最大的LGBTQ组织“北京同志中心”于社交媒体宣布因”不可抗力“终止运营。“北同”成立于2008年，15年来致力于为中国大陆性少数群体提供心理咨询、法律咨询以及HIV检测社区服务，该组织亦努力在国内推动同志去病理化，并推广多元性别教育。</p>
<h3>广东</h3>
<p>广州</p>
<p>5月18日，社运人士王爱忠被广州天河法院判处三年有期徒刑。王爱忠是南方街头运动的发起者和主要推动者之一，2012年-2013年间，南方街头运动的行动者以每月一次在黄花岗烈士陵园定期聚会为起点，以广州、深圳等中国大陆南方城市的闹市区为中心进行维权或民主活动，如2013年声援《南方周末》编辑、举牌要求中共官员公布财产等。2021年5月28日，王爱忠因网络言论以寻衅滋事罪名二度被捕至今。</p>
<p>5月18日，南方街头运动参与者王默前往王爱忠庭审现场声援，当天下午以寻衅滋事罪被广州警方刑事拘留。王默曾在2014年因声援香港雨伞运动被捕入狱，2016年又以寻衅滋事罪被判处3年徒刑。</p>
<h3>湖南</h3>
<p>长沙</p>
<p>据中国人权律师团消息，5月17日，律师终于在10个月后会见到人权律师谢阳。据本人讲，他开始被秘密羁押，不能联系律师，且被侦查人员多次殴打，侦查人员与看守所勾连，管教用各种方式（包括不能买东西、伙食差）折磨他。湖南省长沙市人民检察院以煽动国家政权罪向法院起诉谢阳，谢阳目前对于指控均保持沉默，并向长沙市中级法院提出相关法律意见。他感谢朋友们的关注，并希望其他律师尽快介入。</p>
<h3>天津</h3>
<p>5月18日，于2015年在“709大抓捕”中以煽动颠覆国家政权罪被判刑8年的知名维权人士吴淦（网名“超级低俗屠夫”）刑满获释。吴淦最早在2009年邓玉娇事件中因亲赴案件当地推动案情快速传播闻名，并在2009年昆明小学生卖淫案、2015年江西乐平死刑冤案、庆安火车站枪击事件等著名事件中以前往现场提供一手资料、“行为艺术”等方式推动案件进展，天津第二中级人民法院在审判时称他“长期利用网络散布大量言论……炒作多起热点事件，抹黑国家机关，攻击宪法所确立的国家制度”。据自由亚洲电台报道，吴淦出狱后，他的老家门口被布置监控、设立岗哨。</p>"
白纸-20230508至20230514周报,"<h1>白纸-20230508至20230514周报</h1>
<p>2023年5月08日-2023年5月14日</p>
<h2>近日行动信息</h2>
<h3>上海</h3>
<p>5月11日，上海浦东新区陆家嘴浦发银行员工在公司门前静坐抗议。据悉，员工抗议原因是不满银行大幅度削减薪水等福利待遇。据自由亚洲电台消息，有员工称收到“减薪通知”，普通员工减薪30%至50%，主管级以上减薪40%。网传图片上，有员工的工位上粘贴了许多“罢工”字样的纸张。浦发银行回应称，网传图片系两起独立事件，一起为子公司员工因薪酬问题宣布罢工，一起为业务外包公司与所属员工之间存在劳动纠纷，导致其员工前往浦发银行抗议。据网传资料显示，浦发银行营收、净利与可分配利润都已连续两年下降。相关问题目前仍在解决中。</p>
<h3>广州</h3>
<p>5月11日，知名维权人士、作家郭飞雄（本名杨茂东）被广州市中级人民法院以“煽动颠覆国家政权罪”判处有期徒刑8年，剥夺政治权利3年，郭飞雄当庭表示不服判决，将提起上诉。当日，美、德、英等多国外交官被阻止进入法庭旁听。
郭飞雄曾参与六四学运，是新公民运动的重要参与者之一，长期参与民间维权行动并在个人网站发表文章，包括2005年太石村罢免事件及2013年八城市民举牌要求公布中共官员财产事件等。郭飞雄最早于2006年被捕入狱5年，2015年又以扰乱公共秩序罪被判刑6年，此次是他第3次入狱——2021年初，郭飞雄准备从上海赴美探望患肠癌的妻子，却被阻止出境，之后再次入狱至今，其妻于2022年1月病逝。</p>
<h2>近日被捕者信息</h2>
<h3>广州</h3>
<h4>截至5月12日，黄雪琴与王建兵（下称“雪饼”）已被捕600天。</h4>
<p>2021年9月19日，“雪饼”被广州警方以涉嫌“颠覆国家政权罪”强行抓捕，至今仍未开庭。在过去的600天中，两人经历了指定住所监视居住、多次转移看守所、屡次退回侦察、委托律师被强行解聘等，且由于疑似遭到作息扰乱、疲劳讯问，出现了体重骤减、闭经等严重身心健康问题。</p>"
白纸-20230501至20230507周报,"<h1>白纸-20230501至20230507周报</h1>
<p>2023年5月1日-2023年5月7日</p>
<h2>近日行动信息</h2>
<h3>重庆</h3>
<p>据称，5月1日，重庆解放碑附近有市民站在楼顶大量抛洒传单，传单内容与停发养老金有关。</p>
<h3>线上</h3>
<p>4月28日豆瓣账号@青年编辑们 发布匿名投稿，指控编剧鹦鹉史航性骚扰后，陆续有多名受害女性发声，指控史航的语言性骚扰和“亲耳朵”及其它身体接触等性骚扰行为。5月1日，鹦鹉史航进行回应，称“情况不属实”。5月2日，五名指控史航性骚扰的受害者发布联合声明，要求公开道歉。在鹦鹉史航再次回应后，当事人之一小默（@黑尾鸥1988）在微博发布长文，以控诉史航的性骚扰行为。截止5月6日，已有多家出版机构宣布与史航解除合作，已知的受害者已增至26人以上。</p>
<p>4月25日，@阿踢 在其微信公众号 “阿踢的二十世纪”发表文章，谈及2013年至2015年期间在南京先锋书店工作期间遭男性同事陈磊强奸未遂、殴打、精神控制。27日，先锋书店官方微博发文回应称“感到十分震惊”，并于第二天宣布已与陈磊解除劳动关系，并表示“未意识到当事人之间可能的纠纷与伤害……对此深表歉意”。</p>
<p>对此，阿踢于5月4日发表第二篇文章，文中揭露在陈磊持续侵害阿踢期间，先锋书店高层钱某（据了解为先锋书店创始人钱小华）、副总黄某（据了解为副总经理黄建明）等人为包庇陈磊，对阿踢打压、辞退并强迫签署离职申请的过程。文章发出后，亦出现了针对先锋书店副总经理黄建明的性骚扰指控。</p>
<p>4月29日，豆瓣上有聊天记录流出，指控青年作家宗城在微信上以语言文字性骚扰多名女性。此后，陆续有受害者发文指控宗城曾在线下性骚扰初次见面的女性。</p>
<h2>近日警方动向/被捕者信息</h2>
<h3>湖北</h3>
<h4>武汉</h4>
<p>5月1日，据BBC、德国之声报道，因在2020年初记录武汉封城情况被捕的公民记者方斌于4月30日结束长达3年的关押获释，回到亲属家中。
方斌是一名商人，2020年初武汉市爆发新冠疫情后，他通过微信和youtube发布数条视频记录武汉市内状况，其中包括武汉市第五医院运尸车的视频。他还在推特发布视频展示写着“全民抵抗，还政于民”的横幅。方斌于2020年2月9日失踪后，在武汉市江岸区一次秘密审判中被判处3年监禁，期间其家属未收到任何法律文件或判决书，无法确认他是以什么罪名被判入狱。
德国之声援引人士称，方斌目前仍受到警方与社区居委会的严密监控。此外，同样因记录2020年初武汉疫情而被捕的另一位公民记者张展于2020年12月28日被判处有期徒刑4年，至今仍未被释放。</p>"
白纸-20230424至20230430周报,"<h1>白纸-20230424至20230430周报</h1>
<p>2023年4月24日-2023年4月30日</p>
<h2>近日行动信息</h2>
<h3>广东</h3>
<h4>汕尾</h4>
<p>4月19日，因此前美团连出三份公告取消了话补、油补、大雨补贴和距离补贴，并降低单价，引起骑手不满，汕尾市城区约六至七个配送站点的骑手在当日集体罢工。</p>
<p>参与罢工抗议的骑手主要通过群组织协调行动，以自愿参加、消极怠工为主要方式，还有部分骑手自发在网上发声，形成对美团方和政府的舆论压力；罢工行动没有明确的组织和分工，也没有带头人。</p>
<p>网传美团在4月21日与25日分别增派两批骑手支援，又在23日回应称“未接到罢工消息”。4月26日，美团方给出最终方案，整体恢复了骑手待遇，并承诺“以后公司会建立和骑手的对话机制，不会乱出方案”。目前，部分本地骑手已经陆续复工，外地骑手已于4月26日当晚撤离汕尾，但仍有近一半的骑手对美团给的新方案不满，拒绝复工。</p>
<h2>近日警方动向/被捕者信息</h2>
<h3>香港</h3>
<p>本月9日，香港前职工盟（香港职工会联盟）主席黄迺元及干事杜振豪以个人名义申请举办五一游行，并表示不接受挂号码牌（关于近期香港游行参与者被要求挂号码牌等措施的更多信息，可参见3月27日-4月2日周报）。</p>
<p>此后，在4月26日，杜振豪通过“香港五一游行2023”Facebook专页发文称，黄迺元于上午突然失联4小时，再次取得联系时，黄迺元“情绪崩溃、显然承受了巨大压力”，并向杜振豪表示已签字取消游行申请。受限于《国安法》63条，他无法透露更多信息。据《独媒》报道，在宣布申请五一游行后，杜振豪和黄迺元反复收到骚扰信息，称以“香港市民”名义叫他们“不要参加游行，不要以身犯法”。</p>
<h3>台湾</h3>
<p>4月26日，国台办发言人证实台湾八旗文化出版社总编辑富察（李延贺）3月19日因前往中国大陆探亲并办理销户籍手续，于3月21日在上海被逮捕。国台办表示，李延贺“因涉嫌从事危害国家安全的活动，正在接受国家安全机关调查”。</p>
<p>据BBC报道，李延贺出生于辽宁，满族人，共产党员，曾任上海文艺出版社副社长，后与台湾人结婚并移居台湾，2009年在台湾成立八旗文化出版社，2013年取得中华民国居留证。八旗文化曾出版多部中国政治题材书籍，如裴敏欣《出卖中国：中共官场贪腐分析报告》、熊仓润《新疆——被中共支配的七十年》等。目前，台湾陆委会称正与李延贺家属保持联系，将一直关注事态发展并提供必要协助。</p>"
白纸-20230417至20230423周报,"<h1>白纸-20230417至20230423周报</h1>
<p>2023年4月17日-2023年4月23日</p>
<h2>近日行动信息</h2>
<h3>广东</h3>
<h4>汕尾</h4>
<p>4月21日，广东汕尾的美团骑手通过集体罢工抗议单价减少与待遇下降。当天晚上，美团紧急以高单价与超时免责为条件从外地调派车辆与骑手。知情人士称，美团宁可提高成本调动异地人员，也不回复原本属于本地外卖员的单价与补贴，引发了本地外卖员群体的不满。当地网友亦表示，现在街上很多美团骑手的车上是异地车牌。</p>
<h2>近日警方动向/被捕者信息</h2>
<h3>北京</h3>
<p>据悉，人权律师余文生及其妻子许艳被正式以“寻畔滋事”罪刑事拘留。此前，二人于 4月13日在前往会见欧盟驻华代表团的路上被警察带走。</p>
<p>4月15日晚，多达7名警察前往余文生住所，通知其18岁的儿子有关余文生与许艳遭刑事拘留。他们未出示书面文件，并不允许摄像。自由亚洲电台报道称，警方在未出示搜查文件的情况下，抄走了一批余文生家中的私人物品。根据维权网4月16日发布消息，宋玉生和彭剑二位律师试图介入该案但受阻。他们于当天前往余文生家看望其儿子时，门前有两人把守，房间内亦有两名警察看管。截至4月20日，暂无具体消息表明余文生与许艳是否能够与自己选择的律师取得联系。</p>
<h3></h3>
<p>4月19日，在四个月的拘留过后，“白纸青年”曹芷馨、李元婧、翟登蕊、李思琪四人离开看守所。根据CNN4月20日报道，一位曹芷馨近况的知情人透露，她的手机仍被警方扣留，她的编辑工作也已被解除。目前无具体消息显示她们是否仍处于取保候审状态。此前，她们因参加2022年11月底的北京亮马桥集会被以“寻畔滋事”为由逮捕至朝阳看守所。</p>"
白纸-20230410至20230416周报,"<h1>白纸-20230410至20230416周报</h1>
<p>2023年4月10日-2023年4月16日</p>
<h2>近日警方动向/被捕者信息</h2>
<h3>北京</h3>
<p>4月10日，知名法律学者许志永和维权律师丁家喜因2019年厦门聚会案，被山东省临沭县法院开庭裁定“煽动颠覆国家政权罪”，其中许志永被判14年有期徒刑，丁家喜被判12年有期徒刑、剥夺政治权利3年。
2003年孙志刚事件后，许志永参与上书全国人大常委会，要求对《城市流浪乞讨人员收容遣送办法》进行违宪审查，参与推动了废止收容遣送制度的废止。同年，孙志刚与几位法律学者、律师共同创办公益性民间组织“阳光宪政社会科学研究中心”，“公盟”的前身。2012年5月，许志永发表纲领性文章《中国新公民运动》，其中写到:“新公民运动的目标是民主法治的自由中国、正义幸福的公民社会和‘自由、公义、爱’的新民族精神”，正式提出新公民运动之社会运动理念。
丁家喜原为工程师，1996年转为专职律师后开始参与公盟活动，和丁家喜等一同成为北京新公民运动的主要组织者和协调人。他们共同推动了“随迁子女就地高考”教育平权、推动政府信息公开、要求包括习近平在内的中国部级以上官员财产公示等运动。
许志永和丁家喜二人分别因参与社会活动被拘捕和判刑三次与两次。2019年12月初，包括许志永在内的多位律师、公民运动人士在福建厦门聚会，共同探讨时政、分享建设公民社会的经验；到了12月末，警方开始从全国各地集中传讯、拘捕数十位被怀疑参与了厦门聚会的律师和公民运动人士，其中包括丁家喜。BBC在报道时称，这是2015年705事件后中国政府对公民运动最大规模的打压行动。许志永在逃亡数月后，也于2020年2月被捕至今。</p>
<h3>北京</h3>
<p>4月15日，曾被判刑四年的中国人权律师余文生及其妻子许艳女士在前往欧盟驻华代表团的路上被刑事拘留。据悉，其被拘留的原因可能是当局不希望其前往大使馆表达对许志永、丁家喜、常玮平、李翘楚等人的声援。</p>
<h3>新疆</h3>
<h4>阿图什</h4>
<p>据国际特赦组织消息，2022年12月11日，就读于河南商丘工学院的维吾尔族大一学生卡米莱·瓦依提(Kamile Wayit)在回到故乡后被警方带走。据悉，她曾于2022年11月在微信上发布一段有关白纸运动的视频，视频内容为纪念乌鲁木齐火灾遇难者的全国性抗议活动。此后不久，卡米莱的父亲接到了警方的警告电话，她删除了视频。一个月后，在放假回到故乡新疆阿图什市(Atush)后被警方带走。目前她无法与家人或她自己选择的律师联系，可能面临遭受酷刑和其它虐待的危险。</p>"
白纸-20230403至20230409周报,"<h1>白纸-20230403至20230409周报</h1>
<p>2023年4月03日-2023年4月09日</p>
<h2>近日行动信息</h2>
<h3>美国</h3>
<p>4月7日，一群来自中国和香港的耶鲁大学学生通过《耶鲁日报》匿名发表文章Don’t lend Yale’s name to human rights abusers（不要将耶鲁之名借给人权侵犯者），敦促耶鲁大学校长Peter Salovey在4月8日的耶鲁中美峰会的开场致词中“表达对中国政府侵犯人权及跨国压制言论自由、学术自由的担忧”。据公开信息，中国驻纽约总领事黄屏将出席本次耶鲁中美峰会，而他曾在22年10月的公开讲话中为中国政府对新疆维吾尔人的种族灭绝政策辩护。文章表示，“2019年，香港民运人士罗冠聪在耶鲁攻读硕士学位期间，多次收到自称耶鲁学生的死亡威胁。对这种针对一个学生的安全和校园内言论自由的攻击，您和您的管理部门保持沉默。看到您与黄先生（黄屏）一起参与座谈，我们对耶鲁大学是否能在学术活动中提供一个无需担心审查或报复的环境深感担忧。”</p>
<p>4月5日，伯克利音乐学院的部分学生进行集会，以支持此前因张贴标语被中国留学生吴啸雷死亡威胁的毕业生。参加该集会的学生请愿让伯克利音乐学院做出实际行动，以保护学生的安全与言论自由。据悉，该毕业生在2022年11月张贴标语并收到言语威胁后，曾多次向学院提出过帮助请求，但均被拒绝。</p>
<h2>近日警方动向/被捕者信息</h2>
<h3>北京</h3>
<p>据推特用户suyutong消息，4月4日，贝女士准备到北京与“编程随想”阮晓寰案的二审辩护律师尚宝军见面，被送回上海。当日，尚律师接到司法局电话被约谈，上午10点后与贝女士失联。贝女士一出酒店被8名警察拦截，后被控制在房间里超过六小时，一名上海信访办官员到北京把贝女士带回上海，伺候叫车将贝女士送回家中。目前贝女士暂时安全，但当局可能已对她的行程进行跟踪。</p>
<h3>武汉</h3>
<p>3月29日，曾参与过武汉医保改革抗议的童梦兰（网名：阿梦）以涉嫌寻衅滋事罪遭逮捕，2023年2月，其曾因医保改革问题于武汉参加过退休市民发起的大型抗议活动。据悉，自当日的抗议发生后，已有至少五名示威者被武汉警方抓捕。</p>"
白纸-20230327至20230402周报,"<h1>白纸-20230327至20230402周报</h1>
<p>2023年3月27日-2023年4月02日</p>
<h2>近日行动信息</h2>
<h3>广东</h3>
<p>深圳</p>
<p>3月28日、29日，由于深圳西乡草围社区一玩具厂（据悉为永顺集团泰强制品厂）计划搬迁至越南，但并未按规定向员工支付经济赔偿，员工集体罢工抗议。</p>
<h2>近日警方动向/被捕者信息</h2>
<h3>香港</h3>
<p>3月26日，香港居民在将军澳地区举行抗议活动，以反对该地区的土地开垦计划。这是香港自撤销限聚令以来，首个获得官方批准并实施的游行。警方对游行人士进行了严格的限制：游行人数需要控制在一百名以内；参加者需要在身上贴标识、挂卡牌；游行人士的四周会拉起胶带，以确保不得有任何人——包括媒体——在中途加入。
据法新社报道，一位不愿具名的与会者表示这些安排是“荒谬的”，“我来这里是为了参加游行而不是被游街示众”；另一位则评论道”这些措施相当于恐吓”。此外，据rthk.hk香港电台报道，主办游行的将军澳民生关注组召集人陈展浚表示，得知警方要求时“感到极大侮辱”，但为尊重居民表达诉求的意愿接受了以上要求，并表示如果下次仍面临相关要求，他将不会接受。</p>
<h3>广西</h3>
<p>南宁</p>
<p>3月31日，广西南宁中级法院裁定维权律师覃永沛“煽动颠覆国家政权”，判处有期徒刑五年，剥夺政治权利三年。据悉，覃律师曾公开征集广西司法厅及公安厅厅长的犯罪证据，遭致打压。根据其判决书内容，他的主要罪证包括在社交媒体上发表煽动性政治言论、接受过多家境外媒体的采访、在另一位维权律师陈家鸿被捕后，为其筹集律师费等。</p>
<h3>线上</h3>
<p>3月27日，前日因讽刺中国官方媒体央视网“孔乙己的长衫”论而在Bilibili爆火的视频《阳光开朗孔乙己》作者“鬼山哥”被全平台封禁，其微博、知乎、B站、网易云音乐、抖音账号均已被禁言。</p>
<p>此前，在3月16日，央视网发文《正视“孔乙己文学”背后的焦虑》，称“孔乙己之所以陷入生活的困境，不是因为读过书，而是放不下读书人的架子，不愿意靠劳动改变自身的处境”，被网民质疑为暗指当代中国年轻人不愿脚踏实地。</p>"
白纸-20230320至20230326周报,"<h1>白纸-20230320至20230326周报</h1>
<p>2023年3月20日-2023年3月26日</p>
<h2>近日行动信息</h2>
<h3>江西</h3>
<h4>乐平</h4>
<p>3月23日，江西景德镇市下属乐平市，因教师工资长期发放不满，与景德镇市区以及浮梁县的薪资水平差距大，乐平市教师自发在江西省乐平中学门口抗议，要求同工同酬，补发绩效工资。傍晚时分，乐平市第三中学的教师也加入抗议队伍。至当晚，市委书记的解决方案是，把原本计划5月发放的第一批补发的部分绩效提前到下个月。</p>
<h2>近日警方动向/被捕者信息</h2>
<h3>上海</h3>
<p>近日，知名博主“编程随想”之妻贝女士在微信群求助的截图在网上流传。编程随想（本名阮晓寰）于2021年5月9日停止更新博客，之后近两年时间一直处于失踪状态。根据贝女士在截图中透露的信息及亚洲自由电台对其的采访，阮晓寰于2021年5月10日被带走，在被秘密羁押两年后，于2023年2月10日被上海市第二中级法院以“煽动颠覆国家政权罪”判处有期徒刑7年，剥夺政治权利2年，没收财产2万元。
一审判决后，贝女士委托北京知名人权律師莫少平和尚宝军担任代理律师，其中尚宝军律师于3月初前往上海杨浦看守所申请会见，却被告知上海高院已为阮晓寰指定两位代理律师。尚宝军律师表示，这是中国政府常用的“占位”套路，因为每个当事人最多只能有两位代理律师。目前，贝女士仍在与法院交涉，希望可以请信任的律师为丈夫辩护。
公开资料显示，阮晓寰于2009年1月15日创建了“编程随想的博客”。博客内容最初以技术、软件开发为主。六四事件二十周年中国政府大规模封杀境外网站后开始转向分享翻墙方法、信息安全知识和发表政论文章。阮晓寰于2016年2月在github上创建知名开源项目《太子党关系网络》，揭露共产党高层的系统性腐败。十余年共写博文712篇，涉及技术分享、信息安全、历史政治等各领域。其博客多次成为中国政府网络攻击的目标，但仍坚持十余年间未被当局定位。
据悉，阮晓寰曾担任08年北京奥运会的信息安全系统总工程师，于09年开始写作。据各方推测，其被发现原因是01年注册的墙内平台CSDN信息集体泄露，导致后续所有的信息隐私隔离均失效。
贝女士于丈夫被捕后一年余之后才知晓其真实身份。目前，编程随想的博客及其它站点项目仍未被关闭，推测其在被捕时及时摧毁了密钥。</p>
<h3>山东</h3>
<h4>临沂</h4>
<p>据facebook账号FreeLiqiaochu李翘楚所发布信息，3月17日，律师争取到了与李翘楚第一次线下会面的机会。
由于长久的为不当治疗与用药，李翘楚的身体产生了体重大幅增加、月经失调，幻听等长期问题。她告诉律师，她居住的监室里共有25人，空间逼仄，夜间只能侧身入睡。天气越来越热，她希望自己能够早日回家，不用在看守所独自挨过闷热难忍的日子。
律师从李翘楚处得知：法官大约一周前会见了她，并告知她的案件拟定4月开庭。同时明确表示案件不公开审理，家属不得旁听。从她失联、被捕和入狱后，家人多次申请会面均被拒绝。李翘楚表示，她希望自己至少在开庭后能够与父母相见。</p>"
白纸-20230313至20230320周报,"<h1>白纸-20230313至20230320周报</h1>
<p>2023年3月12日-2023年3月20日</p>
<h2>近日行动信息</h2>
<h3>甘肃</h3>
<h4>兰州</h4>
<p>3月14日，因兰州中川机场征地赔偿问题，村民在工地门口封路拉横幅索要赔偿。事件在当天得到解决。</p>
<h3>广西</h3>
<h4>北海</h4>
<p>3月15日，广西北海银海区福成镇东村村民因养殖沙虫的海地归属和相关权益等问题与相关部门发生冲突。期间有几名村民被带走。</p>
<h3>上海</h3>
<p>上海华东师范大学第二附属中学的学生向校长发出联名公开信，抗议校长周斌上任之后采取的一系列限制措施。学生们要求其维护华东师范大学二附中“自由、民主、开放”的精神，并提出五项诉求，其中包括“取消关于平板使用时间、地点的限制”、“取消发型限制”、“日后重大决策需由我们参与讨论、表决，或在公布后给出具体理由，供学生们讨论、反馈”。</p>
<h2>近日警方动向/被捕者信息</h2>
<h3>北京</h3>
<p>3月15日，曹芷馨的代理律师对曹芷馨进行看守所会见遭到阻挠。按照看守所会见程序要求，该律师已提前七个工作日向北京市朝阳区看守所预约了曹芷馨的会见。但在3月15日会见当天，律师到达会见室等待时，却被告知当事人正在被提审因此无法会见。同一天下午，曹芷馨的另一位代理律师姚文乾律师也遇到了相同的情况。姚文乾律师称，会见室可以看到提审区的情况，其中并没有看到当事人（曹芷馨）。之后，律师又电话看守所要求安排会见，但接线警员以等待领导答复为由，让律师继续等待。目前，两位律师已就朝阳区看守所非法阻挠律师会见之事，向上级监管单位提出控告。</p>
<h3>江苏</h3>
<h4>南京</h4>
<p>3月13日晚，南京维权公民殷天慰被自称是南京市公安局栖霞派出所的人士砸门威胁，肇事者拒绝出具传唤文件。砸门声一直持续到14日中午。此后，南京市栖霞派出所于15日向殷天慰发出了传唤证。目前殷天慰已结束传唤回到家中。 殷天慰曾参与征地拆迁维权，并曾于2022年11月底陪同因参与白纸抗议而被传唤的年轻人前往派出所接受警方谈话。</p>
<h3>线上</h3>
<p>3月14日，之前发布了人民币100元购买力视频的B站博主户晨风发布一则关于成都普通民众一天养老金购买力的视频。在视频中，博主采访了一位每月养老金收入仅为107元的78岁老婆婆，以107元的标准为她购买米面等生活必需品。视频发出的当晚，户晨风B站账号下的视频被全部删除，账号和直播间都已被封禁。</p>"
白纸-20230306至20230312周报,"<h1>白纸-20230306至20230312周报</h1>
<p>2023年3月6日-2023年3月12日</p>
<h2>近日行动信息</h2>
<h3>北京</h3>
<p>北京某高校，已经废弃的核酸采样窗口，有粘贴“纪念全员核酸日 2020年~2023年集体记忆”以及“你看那通天的巨塔，每时每刻都有人往下跳。我小时候不懂，以为那是雪花。”两张标语。</p>
<h3>上海</h3>
<p>3月8日，东华大学的学生自发组织了“撕去男凝标签”的活动，在校内张贴海报时被保安赶走。而后学生们选择在校外地铁站附近再次张贴标签，但又被学校的领导拦下，当街斥责学生“挑起男女对立”“反动”。当日晚，多名学校保安闯入女生宿舍，以确认是否有人在宿舍张贴了海报。
此外，全国各地多所高校当天都有学生张贴妇女节主题海报，但均被校方人员撕除。有大学生表示，自己张贴了妇女节海报后，晚上被打电话约谈，对方向其询问图片的来源、是受谁指使、图片内容是否有其他含义。该学生解释过后，仍被要求当面约谈。</p>
<h3>陕西</h3>
<h4>西安</h4>
<p>3月3日，西安翻译学院表示将恢复半封闭式管理模式，自开学以来，学生无法自由出入宿舍，引起该校学生的不满与抗议。据悉，该校从建校至今一直使用这种半封闭式的管理模式。在3月7日晚，校方承诺之后宿舍会自由开放，但没有下发官方文件。 3月8日上午，学生发现宿舍依旧拒绝学生进入，导致师生在食堂发生冲突，以抗议校方的封闭管理。有一位学生发表演讲，与出面的校方人员进行对峙，带领其他学生齐喊“我不同意”。其间有一校方人员试图对领头的学生使用武力，被其他学生制止。而后在食堂外，该领头学生再次被校方人员拦下，要求其配合管理，并试图用“我在校园”app查看该学生信息，双方发生推搡。直至3月12日，校方仍然没有回应学生取消半封闭式管理的诉求。</p>
<h3>海外</h3>
<h4>日本</h4>
<p>3月8日，日本东京举办的妇女节游行（Women’s March）上，人们举起标语反对基于性别的歧视和暴力、要求同工同酬等多项议题。游行队伍中，也有多位市民举起白纸运动女性被捕者的画像表达声援和支持。</p>
<h3>美国</h3>
<p>据自由亚洲电台报道，妇女节期间，香港自由委员会基金会在纽约大厦上投影出了香港女政治犯的信息，投影有“香港有世界上比例最高的妇女在监狱，自由正在香港受审判。何桂蓝在狱中739天，邹幸彤在狱中547天，朱慧盈在狱中535天，黄沅琳在狱中533天，毛孟静在狱中739天，释放香港政治犯”等信息。</p>"
白纸-20230227至20230305周报,"<p>1.5 Gigabit for $44.99# 白纸-20230227至20230305周报</p>
<p>2023年2月27日-2023年3月05日</p>
<h2>近日行动信息</h2>
<h3>河南</h3>
<h4>安阳</h4>
<p>2月27日，河南安阳滑县杨大召村发生大规模警民冲突。
据悉，20日，当地一名二十四岁女性因婆媳关系不和要求离婚，被丈夫连砍八刀死亡。当地人称，嫌犯族中有亲戚在省厅工作。受害者家属前往嫌犯家中要求赔偿未果，反而被当地政府带走控制。
26日晚，突传女方尸体被偷走，导致大量愤怒的村民在27日前往男方住所讨要说法，控诉政府为虎作伥，最终导致群体性事件发生。
在事件过程中，出现了推翻警车，警察使用暴力殴打村民、沿路向民众喷洒辣椒水、抓捕受害者家属等情况。有民众偷拍下的一段视频显示，数十名身着制服人员从一个房屋中带出一名男性，并对其进行殴打；亦有市民冲进男方家中进行打砸的画面。在冲突现场，有人将死者遗像和挽联挂在警车上。27日晚，大量特警赶到杨大召村进行清场。</p>
<h2>近日警方动向/被捕者信息</h2>
<h3>北京</h3>
<p>据自由亚洲电台报道，在两会召开之前，为防止四通桥事件再次发生，海淀区大部分天桥都已由专人金总看守。</p>
<h3>辽宁</h3>
<h4>大连</h4>
<p>大连市民原计划于3月1日到人民广场进行医保改革抗议示威，遭到大连市政府提前阻拦，3月1日当天，人民广场站地铁及公交停运；严禁出租车向市政府周边区域送客，并要求司机如在营运过程中发现“有上访迹象”的乘客，第一时间通知管理部门；现场亦有警察在看守。</p>
<h3>香港</h3>
<h4>香港</h4>
<p>香港妇女劳工协会原定于3月6日上午举行的三八妇女节发声游行，此前原本已通过香港警方批准，却于3月4日突然宣布取消。这原本是近年来——尤其是在2020年通过香港国安法后——香港政府批准的唯一一个重大民权活动。警方人士称，组织者在“权衡多个未指明的因素后决定取消游行”。活动当天，现场部署了大量警力，有警察搜查过路市民的手机，还有一辆装甲车在场。活动取消后，警察发表声明称任何参加者都将被视为参加未获审批的活动，最高将面临5年有期徒刑。</p>
<h3>线上</h3>
<p>25日，据华裔流亡艺术家巴丢草推特消息，有不明身份人士通过instagram和telegram联系他，自称是路透社记者Jessie Pang，向他询问文宣中国等账号背后工作人员的信息，并出示了一张过期的记者证。巴丢草随后在推特与Jessie Pang本人的账号取得联络，对方表示并没有在telegram联系过巴丢草。随后，巴丢草等人还在telegram群组中排查出另一名假扮的路透社记者，以及将这两人拉进群的疑似国保人士。</p>"
白纸-20230220至20230226周报,"<h1>白纸-20230220至20230226周报</h1>
<p>2023年2月20日-2023年2月26日</p>
<h2>近日行动信息</h2>
<h3>广东</h3>
<h4>东莞</h4>
<p>2月23日，东莞市寮步镇上屯村，因未得到应有赔偿施工方就开始动工，村民在施工现场抗议。期间民众与警察发生冲突，在抓捕抗议示威者过程中，警察使用雨伞遮挡，防止民众录像拍照。</p>
<h3>海外</h3>
<p>2月25日，墨尔本大学的中国留学生自制了四通桥横幅，挂在校内的桥上，以响应抗议行动，并另外挂起了乌克兰国旗与LGBTQIA+骄傲旗帜。</p>
<h2>近日警方动向/被捕者信息</h2>
<h3>北京</h3>
<p>据人权活动家周锋锁推特消息，因行动声援四通桥勇士彭载舟被捕的郭艺在被关押一百多天后取保候审，已被暂时释放。此前在2022年10月22日左右，郭艺因张贴响应彭载舟的文字海报被捕。</p>
<p>2月21日，据公民日报Citizens Daily推特消息，白纸运动被捕者曹芷馨传出消息，称审讯者一直在暗示被捕者之间互相出卖，但她们仍然相信彼此；跨年夜，芷馨（曹芷馨）、思琪（李思琪）、登登（翟登蕊）隔着门一起举办了演唱会庆祝新年。</p>
<h3>湖北</h3>
<h4>武汉</h4>
<p>据自由亚洲电台报道，自2月15日武汉大规模医保抗议发生以来，武汉警方一直在各社区排查在现场喊口号的抗议人士，目前已有五人确认被捕，包括新冠肺炎死者家属张海，的士司机舒力，维权人士阿梦、白云等，其中张海和阿梦为异地跨省抓捕。知情者称，除此之外应该还有其他未被统计到的人士。</p>
<h3>新疆</h3>
<h4>乌鲁木齐</h4>
<p>2月23日，有网友路过乌鲁木齐火灾发生地吉祥苑小区，发现小区大门依然封死，街道旁有十几个警察和便衣轮番巡，当有人拿出手机想拍小区时，立刻上前制止。
在发生过火灾的单元，外立面已经被粉刷一新，但房顶依然能看得出来被火烧过的痕迹。</p>
<h3>线上</h3>
<p>中国政府对娱乐圈的清算正在进行。此前在1月28日左右，女演员春夏疑因支持曾发表声援白纸运动的言论遭到封杀，参演的电影《风再起时》将其除名，春晚镜头也被全部删除。2月6日，春夏的微博账号被禁言。
2月22日，艺人周峻纬微博账号被禁言，据悉在2022年11月26日晚，周峻纬曾在微博上发出一张白纸的照片；同日，脱口秀演员孟川的微博账号也被禁言，原定于2月25日举办的演出也被延期，且被从出演名单中删除，疑与他在11月27日凌晨发微博支持南京传媒学院学生有关。
2月23日，说唱歌手梁维嘉的微博账号被禁言，推测原因为其在2022年11月25对乌鲁木齐大火发表了评论。
据自由亚洲电台报道，娱乐自媒体 “电影侦探社”贴出了一张包含明星、演员等娱乐行业人士的相关“黑名单”，包含数十人。</p>"
白纸-20230213至20230219周报,"<h1>白纸-20230213至20230219周报</h1>
<p>2023年2月13日-2023年2月19日</p>
<h2>近日行动信息</h2>
<h3>湖北</h3>
<h4>武汉</h4>
<p>2月15日上午，武汉继2月8日之后再次爆发大规模反医保改革示威，大量市民聚集在武汉中山公园。现场以50至60岁的老人为主，亦有年轻人的身影，人群挤满了中山公园，并蔓延到中山公园至协和医院一侧的人行道和马路，人们齐唱着国际歌。大量警察到场组成人墙，协和医院示威现场的市民为突破警方包围，与警方发生了推搡，其中有一名老人倒地；还有视频显示一位中年男性嘴唇发白昏倒在人群中，有人在喊“救人啊”，但包围着ta们的警察无动于衷。
此前有消息称，在2月8日的抗议中，有参与者表示如果问题未得到解决，将在15日进行更大规模的抗议。2月8日，老人们曾被请进政府机关食堂免费发盒饭，并以影响儿孙工作、升迁、入学为由，将之遣散。
15日前，武汉多所高校宣布15日封校一天；武汉公交公司于2月14日通知称，“我市将会有大游行，要求看见情况不搭腔，不议论，不拍照，不发视频。如遇挡路者不允许私自改线，就地停车。”有小学动员学生劝说家中老人不要参加抗议，亦有多个小区针对老年人群体开展各类活动。
15日当天，中山公园周围道路被封路，公交不停靠，武汉地铁中山公园站双方向不停靠，另有消息称滞留该站的市民在出站时被检查手机；一位此前曾在网上向政府反映问题的网友称，自己15日早上准备出门时被两名陌生男子阻止，对方自称是社区安排的安保公司。
2月16日上午，中山公园仍有约两百名市民到场抗议，警察封闭了其中一个地铁站出口，随后市民自行散去。当天，许多武汉市民表示收到了医保局的群发短信，短信内容引用了《人民日报》2月16日第四版对医保改革的解释。</p>
<h3>辽宁</h3>
<h4>大连</h4>
<p>2月15日，大连也爆发了反医保改革游行示威，唱起了国际歌的大连市民聚集在人民广场，就医保改革维权，在大连西岗区人民广场政府大楼前，民众呼喊大连市长的名字。近景视频中，一位老阿姨边拍面前特警部队边说：“老百姓真不容易啊，三年自然灾害我们没死，文化大革命我们没死，这次疫情我们没死，现在政府怎么派这么些警察来对付老百姓。”
16日白天，在大连青泥洼桥地铁站，仍然有一部分民众在抗议医保改革，现场齐唱国际歌。</p>
<h3>吉林</h3>
<h4>桦甸</h4>
<p>桦甸市全体出租车司机从5月10日开始罢工，据悉原因为出租车公司要求司机将ta们自行购买的车辆上交给公司，否则不颁发营运执照。受此影响，该市的公交也大规模停运。11日，桦甸市交通局发布《关于立即恢复巡游出租车运营的通知》，要求市内所有巡游出租车立即恢复运营，但截至15日，司机们仍在罢工。17日，当地网友表示出租车运营已经恢复。</p>
<h2>近日警方动向</h2>
<h3>广东</h3>
<h4>广州</h4>
<p>5月16日，网站“关注雪饼：黄雪琴 王建兵/Free Huang XueQin &amp; Wang JianBing”发布了《黄雪琴关押情况特别通报》，文中提及了黄雪琴被广州警方关押情况的细节，尤其是黄雪琴在关押期间出现严重健康问题以及警方运用强制扰乱睡眠、“老虎凳”等酷刑严重侵犯人权的情况，呼吁保障黄雪琴与王建兵包括健康权在内的各项基本人权，并无罪释放两人。</p>
<h3>江苏</h3>
<h4>南京</h4>
<p>警察在白纸行动后，就如何应对民众抗议做出了针对性训练与相关演习。在网传的演习视频中，几名警察将扮演举白纸抗议者的人用特制的屏障围起来，在遮拦之中直接实行抓捕，并另设几名警察在屏障外看守。近日，在南京市鼓楼区居民的烂尾楼抗议中，该特制屏障已投入使用。</p>
<h3>上海</h3>
<h4>另有市民表示，在上海的地铁站里看到了与上述事件中类似的警用屏障。</h4>"
白纸-20230206至20230212周报,"<h1>白纸-20230206至20230212周报</h1>
<p>2023年2月6日-2023年2月12日</p>
<h2>近日行动信息</h2>
<h3>湖北</h3>
<h4>武汉</h4>
<p>因武汉医保改革，退休人员每月个人账户入账金额大幅减少、且公务员不受改革影响等各类事宜引起了当地退休人员的抗议。2月8日早上10点左右，希望向政府讨要说法的老年人拦住了武汉市政府的主干道，说明自己的诉求，要求解决医保下调的问题。现场有一定的推搡，但因抗议人群年龄较大，没有发生大规模的肢体冲突。之后人群逐渐聚集在离市政府较远的位置，此时有大量武警、特警出动。抗议持续至下午4点左右，抗议者持续地表达自己的诉求，武警方面表现得较为克制，但也未给抗议者提供任何回应；其中有混入疑似社区引导员的人员，以指引老人去信访处为由试图分散人群。此外，有警察在部分路口开始盘问路人，但因为处于交通要道，盘查并不仔细。部分60岁左右、情绪较为激动的抗议者被便衣架走，但未造成人员受伤。直至抗议结束，抗议者仍没有得到政府方面任何的回复。2月10日早上，又有少数老人聚集在市政府门口。现场有大量警车和特警。</p>
<h3>江苏</h3>
<h4>苏州</h4>
<p>据相关者称，1月23日，因有感于北京曹芷馨等九人被秋后算账抓捕，三位市民临时约定前往苏州中心进行线下声援。苏州中心号称是全国最大的单体商业中心，正值农历新年，商场内部客流如织，其中大部分为年轻人。三位通过分入口进入商场后，走到内部在避开门口保安视线的地方拿出了Ipad。Ipad上用黑底白字写着： “不要（）（）要（）（）”的四行标语，以及有北京被抓几位青年的彩绘照片。其中的另一位把手写着“自由 平等 公正 法治”的白纸贴到胸前。三位开始一起向前走，边走边跟着手机里的音乐唱“Do you hear the people sing”。至ta们走完了整个分区时，沿途约数百人都目睹了ipad和贴纸。行进过程中，部分看起来像大学生的过路者向ta们竖大拇指或比出OK的手势，也有许多人和身边的朋友交头接耳。ta们一直走到临近分区出口的保安检查点才收起了ipad，随后返回住处。此次行动前，三位行动者做好了被拘留的行李准备，并将常用手机锁在寄存点。截至2月3日在网络上发布推文时，三位依然安全。</p>
<h3>海外</h3>
<p>2月5日-2月7日，香港，美国华盛顿白宫、纽约中央公园、洛杉矶南加州大学、波士顿、达勒姆杜克大学，加拿大蒙特利尔，德国柏林、斯图加特、慕尼黑，英国爱丁堡，日本东京涩谷、京都大学，挪威奥斯陆，澳大利亚布里斯班，新西兰基督城等地举行了李文亮医生逝世三周年的悼念活动。</p>
<h2>近日警方动向</h2>
<h3>北京</h3>
<p>消息称近日有三位白纸运动参与者被取保候审，其一据称为翟春明，其余两位不具名/身份不明。</p>"
白纸-20230130至20230205周报,"<h1>白纸-20230130至20230205周报</h1>
<p>2023年1月30日-2023年2月5日</p>
<h2>近日警方动向</h2>
<h3>北京</h3>
<p>1月31日，伦敦大学金匠学院（Goldsmiths, University of London）就校友李思琪参与亮马桥抗议与悼念活动被捕一事发表声明，称学院院长 Frances Corner OBE 教授“已经给中国驻伦敦大使写了一封私人信件，阐明了学院的立场，并正在寻求与国际特赦组织等团体合作，帮助支持释放被拘留者”。此前有消息称，李思琪于12月18日被带走，并于1月20日左右被以寻衅滋事罪名批准逮捕。</p>
<h3>根据相关网友透露，一位参加了亮马桥抗议并于1月初被被刑拘的抗议者于2月5日被朝阳看守所释放。据悉，其将被取保候审，未经批准无法离开所在城市，出入境受到管制。</h3>"
白纸-20230123至20230129周报,"<h1>白纸-20230123至20230129周报</h1>
<p>2023年1月23日-2023年1月29日</p>
<h2>近日警方动向</h2>
<h3>北京</h3>
<p>据27日德国之声报道，参加了2021年11月27日亮马桥抗议的电影从业者辛赏于1月7日被拘捕，罪名是“危害公共安全”。根据一段现场流出的视频，他在当晚集会人群与警察对峙时朗诵了莎士比亚的第18号十四行诗。</p>
<h3>湖北</h3>
<h4>武汉</h4>
<p>有消息称武汉亦有针对汉正街抗议者秋后算账的行动。2021年11月27日，汉正街一商贩因生意受防控措施影响损失惨重，与上万市民一起走上了街头。2021年12月上旬，他被警察带走，至今已失联一个多月，而当时已有其他一些抗议参与者被警察带走。</p>
<h3>新疆</h3>
<h4>阿图什</h4>
<p>在美国的维吾尔工程师Kewser Wayit于22日发推特称12月12日，其19岁的妹妹Kamile Wayit在寒假返回新疆探亲时被阿图什警方带走，并认为这可能与此前她在微信上转发乌鲁木齐火灾及其相关抗议消息有关。Kewser表示，Kamile在河北一所大学就读，其在微信转发相关消息之后，在新疆的父亲便接到了警方电话，当时Kamile就认为回家可能会遇到麻烦，但最终她还是选择了回家。Wayit兄妹的父亲曾于2017-2019年间被关入集中营。</p>"
白纸-20230116至20230122周报,"<h1>白纸-20230116至20230122周报</h1>
<p>2023年1月16日-2023年1月22日</p>
<h2>近日行动信息</h2>
<h3>河南</h3>
<p>16日，一批河南村镇银行大额储户再次经高速公路前往河南各市维权，途径郑州、孝感、淮阳、周口等市。</p>
<h2>近日警方动向</h2>
<h3>北京</h3>
<p>17日，一则亮马河事件参与者曹芷馨于最后一次被警察带走前录制的视频在网上流传，她在视频中呼吁“我们不想凭空被消失，请救助我们”。
19日，芝加哥大学东亚研究中心就2017届校友秦梓奕因参与白纸抗议活动被捕一事发表声明，对秦梓奕以及所有被捕者的处境表示深切关注，并称将于未来几周在校内开展一系列研究白纸运动的学术活动。
20日，有消息称一批于2022年12月被拘留的亮马河抗议行动参与者获得取保候审，包括秦梓奕、杨柳、林倩、林昀、陈军辉、贾新栩、高香凝等。同时，也有几名参与者被批准逮捕，罪名变更为寻衅滋事，包括李元婧、曹芷馨、翟登蕊、李思琪等。</p>
<h3>上海</h3>
<p>原上海季风书店店长于淼因在2022年上半年发表抨击清零政策的文章，而遭到上海警察挟持，他们试图以其妻子谢芳为人质，胁迫在美国的于淼回国。上海季风书店曾在2018年被迫关闭，此后于淼一家人来到美国，其妻因2022年1月母亲生病从美回沪。</p>"
白纸-20230109至20230115周报,"<h1>白纸-20230109至20230115周报</h1>
<p>2023年1月2日-2023年1月8日</p>
<h2>近日行动信息</h2>
<h3>浙江</h3>
<h4>杭州</h4>
<p>1月9日凌晨，杭州奥泰生物技术股份有限公司的工厂发生大规模抗议。与此前的中元汇吉、杭州艾康（详见1月2日至1月8日周报）一样，奥泰生物为国家药监局于2022年3月批准的新冠抗原试剂生产商之一，由于抗原需求暴跌，公司突然对工人进行大规模裁员，且没有支付工人应得的工资和赔偿金，引发工人集体维权。
当大批警察赶到时，工人们鼓掌欢迎并称“警察帮我们解决问题来了”，双方进行交涉。警察想找出此次维权行动的代表，但工人们表示没有代表，“每个人代表的都是ta们自己”。早上8点左右，警察欲逮捕部分工人，与抗议工人发生肢体冲突，过程中有女性工人被殴打至昏迷送医。中午12点左右，工人们开始向杭州政府大楼进发，有警察开路，将工人途经的道路全部转至绿灯。最后，工人们到达政府大厅等待答复。
工人们争取到的结果为在1月10日发放12月份工资，13日发放1月工资，同时补助路费500元。有部分维权工人受伤但不严重，被逮捕的工人被拘留5天。</p>
<h3>警方行动</h3>
<h4>北京</h4>
<p>1月9日，有消息称在消息发出前三四日，参加了亮马桥抗议的行动者被警察带走。13日，陈晃（一位北京抗议行动的声援者，持续发布声援和被捕行动者信息）的朋友透露，陈晃继1月5日被警察和父母带回重庆后，又被关进精神病院。11月27日至今，对白纸运动参与者的逮捕行动仍在持续。</p>
<h4>广东</h4>
<h5>广州</h5>
<p>1月13日，市民前往正佳广场撞人事件案发地献花悼念，被警察劝离，摆在现场的鲜花也被快速清理。</p>"
白纸-20230102至20230108周报,"<h1>白纸-20230102至20230108周报</h1>
<p>2023年1月2日-2023年1月8日</p>
<h2>近日行动信息</h2>
<h3>重庆</h3>
<p>1月7日，因中元汇吉生物技术股份有限公司的重庆大渡口药厂未经协商辞退大批工人，引起约2万名工人抗议。中元汇吉是2022年3月国家药监局批准的24种新冠检测试剂生产商之一。据工友提供的消息，工厂在12月以高薪临时招聘了大量工人（超过正式工数量的两倍），而在订单量下降后便临时遣散工人，工人不仅拿不到工资，也拿不到事先约定做满一定工期就可以取得的“返费”。接到通知后，有工人报警希望举报工厂，但并未引起警方注意。
愤怒的工人们打砸了车间，销毁了工厂内的产品，并劫持了几名劳务中介和工厂管理层。晚上，大量全副武装的警察进场，工人向警察投掷塑料箱等物品将其击退，但亦有工人被逮捕。由于夜晚寒冷，工人们将工厂生产的棉签和抗原堆在一起点燃取暖。当晚，有劳务公司同意了工人诉求并发放了工资，但各劳务公司支付的工资有多有少，领到足额工资的工人便离开了现场，而未领到足额工资的工人还在现场僵持。1月8日白天，现场还有一些工人在排队领取工资。</p>
<h3>广东</h3>
<h4>东莞</h4>
<p>1月6日，因东莞高高制衣厂3个月未给员工缴纳社保和公积金，工人进行大规模抗议。消息称警察封锁路面阻止工人前往市政府维权，并逮捕了数名工人。</p>
<h3>河南</h3>
<h4>南阳</h4>
<p>1月7日晚至8日凌晨，因有市民在白河边的大桥上放烟花，现场部署了大量特警车辆。市民围成圈试图阻止一位放烟花的少年被逮捕，但未能成功。</p>
<h4>周口</h4>
<p>1月2日晚，周口市鹿邑县，因有人在警车下燃放烟花引起纠纷，警察试图带走放烟花的人，民众围住警车要求放人。有人向警察扔饮料，众人开始拍打警车，警察想驾车离开，但是被民众阻拦，有人开始攀爬上警车，周围高喊“放人”。最后警车被掀翻。其中有一青年拆下警车车牌并在警车顶上跳舞。最终有8人被逮捕。有鹿邑县网友称，当地从十二月底以来每天都会收到由县污染防治攻坚办公室发送的禁止燃放烟花爆竹的短信。
1月3日，周口鹿邑教体局召开紧急会议，强调将及时展开思想教育工作，对学生进行感恩教育，同时各单位要避免出现越级上访问题。当晚21-23点，在发生冲突的地点加强了警力，警察与县政府街道办等“红袖章”工作人员驱逐县城民众回家，不允许拍摄照片视频素材，勒令民众删除。
1月4日，有人称进鹿邑县所有车辆都必须过检查点，检查后备箱。当晚，鹿邑的年轻人换了一个场地，又开始了烟花燃放。
1月5日晚，鹿邑迎宾大道及周口市区的沙颍河大桥等地，民众继续放烟花庆祝。随后有网友拍到大量警车前往烟花燃放的地点。
1月6日晚，周口市区沙颍河大桥，市民继续在桥上燃放烟花，有一辆消防车在旁边戒备。现场已经封桥，不允许车辆经过，但是未对行人和放烟花的群众进行阻拦，且现场有很多的烟花小贩。当晚，周口鹿邑迎宾大道路段，现场布置了大量的警力，防止有民众聚集。</p>
<h3>浙江</h3>
<h4>杭州</h4>
<p>1月5日、6日，杭州艾康生物技术有限公司工人因公司不支付事先约定的工资而聚集抗议。艾康生物是2022年3月国家药监局批准的24种新冠检测试剂生产商之一，12月初，因抗原短缺，公司急需扩大生产，便放出高薪聘用工人的消息；而近期抗原价格快速下跌，订单减少，工厂便开始对工人降薪，不愿支付原本约定的工资。最终，抗议工人接受了公司支付每位工人3000元工资的方案。</p>
<h2>警方行动</h2>
<h3>北京</h3>
<p>1月6日，参与了11月27日亮马桥抗议的行动者被警察找上门后失联。目前，北京仍有至少11位已知的白纸运动参与者未被释放。</p>
<h3>广东</h3>
<h4>广州</h4>
<p>1月3日，包括点心、大栗、王晓宇在内的多位白纸运动参与者在近30天的拘留后获得取保候审。</p>
<h3>河南</h3>
<h4>郑州</h4>
<p>1月6日一早，一直为被逮捕的白纸运动参与者提供法律咨询的王胜生律师称当地中原分局的警察到访了她的住所，并表示是前来“核验情况”，当王胜生律师询问是因为什么是由需要核验情况时，警察避而不谈。王胜生律师推测这可能与前一天她和一位被捕者家属联络有关，早些时候警察找上了这名家属，并要求ta“不要跟别人或其他家属联系”。</p>
<h3>新疆</h3>
<h4>乌鲁木齐</h4>
<p>据乌鲁木齐市某社区维稳工作人员透露，他们仍在追查11月底乌市市民聚集在市政府门前要求解封的游行组织人员与带头者。</p>"
白纸-20221226至20230101周报,"<h1>白纸-20221226至20230101周报</h1>
<p>2022年12月26日-2023年1月1日</p>
<h2>近日行动信息</h2>
<h3>河南</h3>
<h4>许昌</h4>
<p>31日晚，市民聚集在许昌春秋广场庆祝新年，并不顾警察阻止燃放烟花，引发在场市民热烈喝彩；警察欲带走燃放烟花的市民，被其他市民阻止。根据许昌市《关于全区域禁止燃放烟花爆竹的通知》，2022年许昌市全域禁止燃放烟花爆竹，违者处100元以上500元以下罚款，或5日以上15日以下行政拘留。</p>
<h3>郑州</h3>
<p>31日晚，郑州电影小镇因“不得已的突发原因”临时取消烟花表演，大批游客高喊退票。</p>
<h3>1月1日早晨，一批河南村镇银行大额储户前往郑州维权。维权者由于身份证被标记，无法乘坐火车、高铁等交通工具，现场照片显示ta们正通过郑州周边的高速公路徒步前往。</h3>
<h3>周口</h3>
<p>31日晚，周口太康县市民燃放烟花庆祝新年遭到警察逮捕，周围市民高喊“放人”。据报道，目前河南包括郑州、周口、洛阳在内的多个城市仍然实行严格的烟花禁令。</p>
<h3>山东</h3>
<h4>潍坊</h4>
<p>31日晚，视频显示一辆黑色轿车一边行驶一边燃放烟花，警车在后面追赶。</p>
<h2>近日警方行动</h2>
<h3>北京</h3>
<p>12月下旬，有消息称北京正在抓捕此前参与白纸抗议的人士，目前可确认至少有约10人被逮捕。</p>"
白纸-20221219至20221225周报,"<h1>白纸-20221219至20221225周报</h1>
<p>2022年12月19日-12月25日</p>
<h2>近日行动信息</h2>
<h3>北京</h3>
<p>25日晚，由于北京第二外国语学院家属楼仍未解除硬隔离措施，居民决定自行解封并拆除了门口的栅栏。</p>
<h3>重庆</h3>
<p>20日，经重庆入境在巴南区入境集中隔离点接受隔离的市民抗议要求将入境隔离规定从5+3改为2+3。目前正在实施的入境隔离规定为11月11日发布的“二十条”，其中规定入境隔离需“5天集中隔离+3天居家隔离”，该规定截至目前还未有进一步更新。</p>
<h3>河南</h3>
<h4>辉县</h4>
<p>河南省辉县市胡桥乡，村民抗议强制拆迁。据称，此前赔偿合同是一家一签制，且在并未所有村民都签合同的情况下，城管和铲车强制拆迁，并因冲突导致一老人死亡。村民们要求开会公示补偿标准，按照统一标准执行赔偿到位。</p>
<h3>湖北</h3>
<h4>武汉</h4>
<p>20日晚，武汉翡翠滨江小区的业主因不满物业在新冠阳性住户的家门上安装磁吸警报器而聚集抗议，期间有业主用身体堵住警车。另外，该小区后门处设有隔离铁皮，但防控措施放开以来一直没有没有拆除，也在本次抗议中被业主推倒。</p>
<h3>湖南</h3>
<h4>长沙</h4>
<p>12月19日晚，长沙中南大学湘雅附二医院的专硕学生聚集抗议，要求返乡。后续消息称，院方组织学生开会商讨但迟到了一个小时，于是愤怒的学生举行了第二次抗议。最终院方口头同意了学生的要求，但并未下达书面通知。</p>
<h2>近日警方动向</h2>
<h3>广东</h3>
<h4>广州</h4>
<p>自12月4日，抗议者""""点心""""（化名）被十余名便衣警察从家中带离，5日21时被刑事羁押于广州市越秀区看守所。据相关人士知悉，点心于未知时间被转移至其他派出所，过程中家属与律师未得到任何通知。12月19日，办案单位称点心已被转移至广州市白云区的广州第二看守所，派出所并未按法定要求通知家属，该信息为家属主动询问多次后得知。</p>"
白纸-20221212至20221218周报,"<h1>白纸-20221212至20221218周报</h1>
<p>2022年12月12日-12月18日</p>
<h2>近日行动信息</h2>
<h3>安徽</h3>
<h4>合肥</h4>
<p>13日晚，安徽医科大学的专硕研究生聚集在校门口抗议，并举起“应返尽返 同工同酬”“不补规培 拒绝威胁”的横幅。据悉警察及校领导到场后，通知导师指认学生并将其领回。</p>
<h3>福建</h3>
<h4>福州</h4>
<p>12日晚，因学校返乡及考试计划朝令夕改，福州大学学生聚集在三区操场抗议。</p>
<h3>广西</h3>
<h4>南宁</h4>
<p>12日，因学校一直没有跟进解除封校，广西大学学生在微博本校超话上提议于晚上七点在校内聚集。随后有辅导员进入学生群，导致群解散，同时广西大学超话开启禁言。有人发帖称校园内所有可能成为聚集场地的地方都被安保包围，且校门外已经聚集大量警车，抗议活动最终被提前瓦解，未能举行。后续校方宣布于14日开始放假。</p>
<h4>南宁青秀区</h4>
<p>公安分布发布警情消息称，广西中医药大学第一附属医院学生“在网上串联”，计划于12月12日19时在东葛院区门口举行集会示威活动，并于12月13日下午15:30在东葛院区行政楼6楼召开研判会讨论新疫情时代下的临床轮转及学习，“借机向院方发难”，抗议规培生待遇、疫情防控政策等问题。该公安分局称将加强东葛院区周边的巡逻防控，学校亦宣布13日开始放假，最终瓦解了此次行动。</p>
<h3>江苏</h3>
<h4>南京</h4>
<p>12日晚，江苏省人民医院的规培生聚集抗议，要求同工同酬、公正待遇。后续消息称，这些学生在读的南京医科大学研究生院通知学生可以选择请假返乡，但医院没有就待遇问题进行让步。</p>
<h4>徐州</h4>
<p>12日晚，徐州医科大学约100多名专硕研究生因规培待遇低下等问题聚集抗议，要求同工同酬、提供防护用品、允许请假。</p>
<p>13日晚，徐州医科大学附属医院的规培生聚集抗议。在前一天的抗议后，校方只允许了专硕研究生请假，因此规培生继续抗议。（为与于在校期间进行规培的专硕研究生区分，此处的规培生指本科毕业后到医院进行规培的医学毕业生，也有说法称为社会规培生）</p>
<h3>江西</h3>
<h4>南昌</h4>
<p>12日晚，南昌大学江西医学院专硕研究生聚集抗议，要求同工同酬。</p>
<h3>四川</h3>
<h4>南充</h4>
<p>12日晚，川北医学院学生进行散步抗议，本科学生要求返乡，专硕学生要求规培同工同酬。抗议最终取得成功。</p>
<h3>云南</h3>
<h4>昆明</h4>
<p>12日晚，昆明医科大学学生（大多数为专硕研究生）在昆明医科大学第一附属医院门诊北楼进行抗议，要求同工同酬、提供防护装备、准许请假和自愿离校返乡，现场发生了肢体冲突，有一名抗议者被几名老师围住锁喉并抢夺手机。校方回应称该人员是社会人员，但亦有学生证实其为一名学生。</p>"
白纸-20221204至20221211周报,"<h1>白纸-20221204至20221211周报</h1>
<p>2022年12月4日-12月11日</p>
<h2>近日行动信息</h2>
<h3>安徽</h3>
<h4>合肥</h4>
<p>12月6日，安徽医科大学校方因疫情政策调整，强行要求在24号前结束课程并考试，学生因无法完成教学任务要求与校方进行协商遭到拒绝，随后引发大规模抗议。</p>
<h4>12月7日晚，因安徽部分高校已陆续解除封校状态，而中国科学技术大学仍采取核酸一天一检+审批出校制，引发学生不满，部分学生聚集在东区操场（后转移到郭沫若广场）进行抗议，提出了8字口号4点诉求。最终校方同意解除封校，并不再要求核酸一日一检，学生可自愿申请返乡。</h4>
<h3>重庆</h3>
<h4>12月10日晚，重庆医科大学的学生聚集在校门口齐声喊出与返乡相关的诉求，要求校方维护学生的合理诉求，期间有学生拦住了老师的车。之后副校长出面表示全体学生可以自由进出，但学生发现出入校门仍然需要请假，所以于12月11日再次聚集抗议。最后校长出面承诺不追责，但返乡的事情需要商讨，并保证在12月12日午前给学生答复。</h4>
<h3>福建</h3>
<h4>厦门</h4>
<p>12月8日晚22点30分，厦门大学有学生组织行动，提出自愿返乡、线上教学、重新确立期末考试形式等三项诉求，并号召其他学生在校内芙蓉超市门口聚集表达诉求。现场有位被称为“芙蓉侠”的同学与校方代表进行争辩，获得现场其他同学拍手称赞。后续数名同学与校方离开并谈判，期间芙蓉侠要求开直播，但被校方要求关闭，该名直播的同学表示后续会有新传同学进行情况记录。9日凌晨，校方已与学生结束对谈，并表示会考虑学生的诉求，在一周内出台新政策。直至目前，进行对谈的同学还未被处分。</p>
<h3>河北</h3>
<h4>沧州</h4>
<p>12月6日，居民因为供暖问题聚集在热力公司门口抗议，并高举写着“热力不作为，民生无小事，请还老人孩子温暖！”的横幅。</p>
<h3>湖北</h3>
<h4>武汉</h4>
<p>12月4日晚，武汉大学约2000名学生冒雨聚集在行政楼外高喊“过程公开，信息透明”，要求与校方就学生返乡和恢复线下上课、考试等问题进行协商。此前武汉大学发布公告称学生可自愿返乡，但同时恢复线下授课，导致学生实际上无法返乡，且校内仍未解除封校状态，生活不便。出于对校方的不信任，抗议学生拒绝了转移抗议场所和派出个别学生代表进行协商等要求。最终校方与一百多名学生代表共同协商，同意根据学生诉求变更授课与考试安排，并承诺不追究抗议学生责任。</p>
<h4>荆门</h4>
<p>12月7日，为抗议垄断荆门市车用燃气销售的荆门岚光燃气有限公司随意涨价，出租车司机们包围了加气站进行罢工抗议。后续消息称，抗议没有取得成功。</p>
<h3>四川</h3>
<h4>成都</h4>
<p>12月11日晚，由于四川大学华西临床医学院的专硕研究生需要上临床，每天高强度工作，即使是阳性也无法请假，但工资非常微薄，大量学生因此在校园内聚集，进行游行抗议，向华西医院前进，并在游行过程中高喊口号“同工同酬，拒绝双标！自愿返乡，不要威胁！”。之后部分校领导到场，有领导在高处不断拍摄学生。直至12日凌晨，学生们提出的诉求没有得到满足，只收获了校方的口头承诺，带头的学生也被校方约谈。</p>
<h3>江苏</h3>
<h4>南京</h4>
<p>12月4日，南京工业大学校内因发现一例混检阳性，下午学校发通知要求封闭管理五天、五天五检并进行线上教学，但在12月5日，学校又通知两天后要恢复线下教学，学生对此表示不满。在12月5日晚上，南京工业大学的学生集会，提出几项诉求，要求自愿返乡，在现场的学生齐声大喊“回家”。过程中，有校方人员前去进行交涉，学生与其产生了一定的争论。校方提出在第二天约有意见的学生开会，并保证不记学生的名字，但均被学生拒绝。之后现场出现警车，鸣起警笛，但从始至终未与学生产生正面冲突。最终校方表示会解决学生的诉求。12月6日，学校进行了一定的政策调整，学生可以申请自愿返乡，但同时也有学生被校领导约谈。</p>
<h3>浙江</h3>
<h4>金华</h4>
<p>12月7日晚，因学校政策反复变动，引起学生不满，浙江师范大学的学生进行喊楼，要求放假。之后该诉求于12月8日得到解决，校方发通知表示只要申请就可以回家，后续进行线上授课和线上期末考试。</p>
<h3>海外</h3>
<h4>香港</h4>
<p>12月4日晚上约7时，铜锣湾有市民在维多利亚公园举起白纸，并提出四项诉求。警方接到消息后马上部署了大量警力在附近街区，有警员对举起白纸的市民进行搜查，记录了个人资料后，市民被便衣警员驱赶至进入铜锣湾地铁站。期间有直升机在附近盘旋监察。</p>
<h4>英国</h4>
<p>12月4日，民众聚集在伦敦中国大使馆前，反对中共对维吾尔族实施的种族灭绝政策。</p>
<h4>12月10日，世界人权日，约200人聚集在伦敦中国大使馆前抗议中共人权压迫，纪念“被失踪”或被迫公开认罪的社会行动者，声援香港、维吾尔族、藏族等。媒体称这是乌鲁木齐火灾之后伦敦举行的第四次抗议活动。</h4>
<h4>美国</h4>
<p>12月5日开始，加利福尼亚州留学生王涵在苹果公司总部绝食抗议苹果协助中共言论审查和压迫人权、压迫劳工。截至12月11日，王涵已绝食超过120个小时。</p>
<h4>其他</h4>
<p>意大利罗马，英国格拉斯哥、诺丁汉、利兹大学，美国旧金山国父纪念馆、西雅图、芝加哥、纽约，德国法兰克福，澳大利亚悉尼，日本东京，加拿大温哥华、多伦多，爱尔兰都柏林，韩国首尔等地亦举行了抗议及游行活动。</p>
<h2>近日警方动向</h2>
<h3>重庆</h3>
<h4>某单位接到辖区要求，要求全体员工下载反诈APP。</h4>
<h3>广东</h3>
<h4>广州</h4>
<p>12月4日晚，一名于11月27日晚参与海珠广场抗议游行的市民在家中被被便衣和警察抓捕，期间警察拒绝出示搜查证。之后警察强行搜查了该市民屋内的电子设备，并对其进行了口头传唤，威胁其朋友不要把事情传播到网上。12月7日，派出所称该市民已被刑事拘留。12月8日，该派出所民警以疫情为由称“还得几天才能送去看守所”。另有消息称，广州正在对当日前去抗议的市民进行大范围抓捕，据称有数十位曾参与海珠广场抗议的年轻人在12月4日至5日间被警方帶走，其中一部分人在24小时后被释放。</p>
<h3>上海</h3>
<h4>直至12月9日，上海各地铁站仍然在随机搜查路人的手机。据悉，警察未携带其他设备，采用的是将先手机统一收起来，再逐个手动搜索信息的方式，警察选择的搜查对象并无特定标准。12月10日下午，有消息称人广地铁站站厅有警察在搜查手机。</h4>
<h3>四川</h3>
<h4>成都</h4>
<p>消息称11月27日参与了望平街抗议的行动者被刑事拘留，超过24小时仍未被释放，且拒绝家属会见。</p>"
白纸-20221203日报,"<h1>白纸-20221203日报</h1>
<h2>近日行动信息</h2>
<h3>湖北</h3>
<h4>武汉</h4>
<p>因社区自行加码封小区，导致居民产生不满情绪，碧桂园泰富城的居民与民警产生争执。在争执过程中，警察暴力压制住一抗议的居民并朝其脸上喷辣椒水。之后，其他的居民因此质问该警察，双方再次产生言语冲突。据视频显示，该警察用“搞死你”等话语恐吓其他抗议的居民。</p>
<h3>上海</h3>
<h4>青浦区徐泾镇紫郡公馆</h4>
<p>出现一例阳性，导致小区开始临时管控两天，业主不同意封小区并与防疫人员和居委发生争执，随后一名业主被身穿防护服的人员强制抓上救护车带走。</p>
<h3>江苏</h3>
<h4>无锡</h4>
<p>世茂首府小区的居民聚集抗议，要求解封，在这个过程中有居民驾车冲破小区门口的护栏。</p>
<h3>广东</h3>
<h4>广州</h4>
<p>晚上，有消息称有市民在东山口地铁站举白纸，警察逮捕了3人。前几日，有12月3日20时在东山口地铁站组织集会的海报在网络流传。</p>
<h3>海外</h3>
<p>日本大阪中国领事馆、英国牛津、美国纽约法拉盛、意大利米兰、德国卡尔斯鲁厄、法国里昂等地亦举行了悼念及声援活动。</p>
<h2>近日警方动向</h2>
<h3>广东</h3>
<h4>广州</h4>
<p>约19点，有消息称广州东山口地铁站禁止出入。21点30分，广州地铁在官方微博宣布东山口站停运，列车不通过。另有市民目击，今日下午就已经有警车停在附近街区。在晚间抓捕了几位市民后，警察已陆续撤离。</p>
<h3>上海</h3>
<p>时间为11月28日的红头文件显示，上海正在推行微型基站。据悉，微型基站能够“自动记录来往手机，通过手机信息收集经过人员的到达轨迹”，这些微型基站计划安装到所有商场、酒店、停车场、办公楼等公共场所。</p>
<h3>四川</h3>
<h4>成都</h4>
<p>市民在成都地铁站的地铁口目击到上面写着“请配合盘查”的指示牌，具体站点不明。此前在12月1日，也有消息称在成都地铁上被随机搜查手机。</p>"
白纸-20221202日报,"<h1>白纸-20221202日报</h1>
<p>2022年12月2日</p>
<h2>近日行动信息</h2>
<h3>湖北</h3>
<h4>武汉</h4>
<p>晚上，武汉华安里的居民推翻了隔离墙，自行解封。据悉，华安里是武汉市人口密度最大的城中村。</p>
<h3>河北</h3>
<h4>保定</h4>
<p>因供暖不足，某小区的业主们手持写着“冷”的白纸在街上游行示威，并高喊“大唐（供暖公司）不作为”。</p>
<h3>山东</h3>
<h4>济南</h4>
<p>约20点，山东建筑大学学生在封寝第十天喊楼要求回家。</p>
<h4>方舱中有一婴儿生病，救护车却迟迟不来，民众因此与防疫人员发生争执，要求送孩子去医院看病。</h4>
<h3>上海</h3>
<p>约17点，上海一小区居民下楼要求解封。</p>
<p>今日凌晨，上海闵行虹桥镇万源新城因出现一例密接宣布封控。18点左右开始，居民聚集要求解封。</p>
<p>晚上，上海市马桥镇迎春路万科城小区突然封控，民众聚集在小区门口与相关领导进行争论。</p>
<h3>海外</h3>
<h4>东京</h4>
<p>约19点，继11月30日的集会活动之后，东京池袋地铁站外再次举行了悼念活动，现场非常安静，参与者没有喊口号。</p>
<h3>其他</h3>
<p>美国纽约、加利福尼亚大学圣塔芭芭拉分校、洛杉矶分校、伯克利分校、南加州大学、北卡罗来纳大学教堂山分校、约翰斯·霍普金斯大学、德克萨斯医学中心、日本早稻田大学、英国杜伦大学、圣安德鲁斯大学、加拿大不列颠哥伦比亚大学、埃德蒙顿、丹麦哥本哈根、新西兰奥克兰、林肯大学、德国蒂宾根等地亦举行了悼念及声援活动。</p>
<p>2022年12月2日</p>
<h2>近日警方动向</h2>
<h3>北京</h3>
<p>约23点，亮马桥附近的路面上依然每隔50米停着一辆警车。此前在11月27日，市民在亮马桥一带进行了较大规模的哀悼及抗议活动。</p>
<h3>河南</h3>
<h4>平顶山</h4>
<p>由于用于隔离的铁皮经常被居民撬开，黄楝村社区中，连接多个小区的胡同口被砌上墙。大量社区居民打市民热线反馈，但均未得到正面回复。目前整个社区只留下了两个可供出入的胡同，其他均被堵上。</p>
<h3>四川</h3>
<h4>成都</h4>
<p>有之前参与抗议的市民接到警察电话，被询问有没有参加抗议活动，还同时询问了健康码是否变黄。据其说明，警察在电话中声称他们整理出了参与游行的人名清单，并且现在在对照清单打电话核实。</p>
<h3>浙江</h3>
<h4>杭州</h4>
<p>有市民目击民警在督促沿街商户安装“国家反诈中心”APP，同时要求下载的商户打开该APP中的“关闭境外来电”功能。</p>
<h3>线上</h3>
<p>美国纽约、加利福尼亚大学圣塔芭芭拉分校、洛杉矶分校、伯克利分校、南加州大学、北卡罗来纳大学教堂山分校、约翰斯·霍普金斯大学、德克萨斯医学中心、日本早稻田大学、英国杜伦大学、圣安德鲁斯大学、加拿大不列颠哥伦比亚大学、埃德蒙顿、丹麦哥本哈根、新西兰奥克兰、林肯大学、德国蒂宾根等地亦举行了悼念及声援活动.</p>"
白纸-20221201日报,"<h1>白纸-20221201日报</h1>
<p>2022年12月1日</p>
<h2>近日行动信息</h2>
<h3>北京</h3>
<p>通州区马驹桥镇近日持续不断发生居民要求解封的事件。今日19点10分，马驹桥镇北门口村的居民使用各类工具尝试撬开用于封门的铁链。</p>
<h3>重庆</h3>
<p>一周内不断有市民发现，有人雇佣红码人员混在人群中活动，且发现有些核酸检测员自己十天没做核酸，导致现在很多当地小区的居民均以不再下楼做核酸的方式抵制核酸检测。</p>
<h3>广东</h3>
<h4>广州</h4>
<p>白云区新市，工人在今日宣布解封后聚集起来进行讨薪维权，其间有工人举讨薪相关横幅抗议。</p>
<h3>湖北</h3>
<h4>武汉</h4>
<p>近日，青山区一市民将自家商铺门前用于封控的铁板踢翻，以要求解封，并将该视频发布至公众平台。今日该市民发布新视频阐述警察打电话要求其删除该视频，但其直接对警察表示不会删除。</p>
<h3>宜城</h3>
<p>今晚，因宜城一中部分学生的核酸检测结果出现问题，被强制拉去集中隔离，部分家长来到市政府门前，要求带孩子回去。而后几位家长与防疫人员发生争执，互有推搡。后有大量警察来到现场，视频显示有两位家长倒地不起，具体情况未知。</p>
<h3>河北</h3>
<h4>高碑店</h4>
<p>新发地部分商户与防疫人员发生冲突，现场民众推翻了带有铁丝网的防护栏。</p>
<h3>河南</h3>
<h4>平顶山</h4>
<p>四矿优胜小区的居民合力拆除铁皮，要求解封，随后被防疫人员再次封上，但之后居民再次拆除铁皮。直至18点30分，该小区已解封。</p>
<h3>天津</h3>
<p>南开区王顶堤迎水道的居民堵住马路，阻止政府在市区人口稠密的居民区建健康驿站（即为方舱）。</p>
<h3>加拿大</h3>
<h4>阿尔伯特省埃德蒙顿</h4>
<p>在近零下二十度的室外，民众举行了悼念活动。</p>
<h3>瑞士</h3>
<p>在苏黎世悼念活动的现场，参与者分享了自己的故事、朋友在国内抗争的情况等。活动主持人发表了有关“不要忘记抗争中的女性形象”的演讲，活动参与者之后一起鼓掌并高喊了“不要父权要多元”的口号。</p>
<h3>其他</h3>
<p>德国科隆、德累斯顿，西班牙马德里、阿斯图里亚斯、巴塞罗那，美国旧金山、埃默里大学、斯坦福大学、乔治敦大学，加拿大安大略省金斯顿市政厅、不列颠哥伦比亚大学奥肯那根校区，英国兰卡斯特大学、爱丁堡大学，比利时根特，瑞典斯德哥尔摩，澳大利亚墨尔本，日本东京等地亦举行了悼念及声援活动。</p>
<p>2022年12月1日</p>
<h2>近日警方动向</h2>
<h3>广东</h3>
<h4>广州</h4>
<p>今日下午，地铁出站口处有警察随机查看出站路人的手机，具体地段未知。</p>
<h4>此前27日前往海珠广场抗议的市民，于今日接到了警察的电话，警察来到其住所，并询问了工作情况和一些其他的个人信息，未被要求查看手机。</h4>
<h3>江苏</h3>
<h4>南京</h4>
<p>来自南京传媒学院学生的消息称，学校已进驻很多警察，校方提醒学生12月是较为敏感的时期，学校将时刻监控学生手机和微信聊天信息，包括翻墙情况。另一位学生称，学生之间的群聊消息可以被辅导员逐字复述出来，但亦有学生表示学校除了校园巡逻加强外无其他影响。</p>
<h3>四川</h3>
<h4>成都</h4>
<p>市民在省体育馆地铁站附近等绿灯时被警察搜查手机，亦有市民表示在地铁上被查。还有市民称望江路、川大附近有不少警察。</p>
<h3>上海</h3>
<p>此前27日前往乌鲁木齐路抗议，但在当日未被抓捕的市民，于今日接到了警察的电话，要求其自行前往派出所。</p>
<h3>浙江</h3>
<h4>杭州</h4>
<p>约15时，此前于28日晚上发生集会、有市民被捕的湖滨in77聚集了数量不少的警察，并有特警车辆在场。</p>"
白纸-20221130日报,"<h1>白纸-20221130日报</h1>
<h2>44895</h2>
<h2>近日行动信息</h2>
<h3>北京</h3>
<p>北京第二外国语学院学生被转运到马泉营方舱，与方舱工作人员发生争执。此前老师向学生表示会转运到隔离酒店，学生下车后发现到达的地方并不是说好的地点，表示“我们是被骗过来的”。最终有消息显示学生并没有入住方舱而是入住了学校安排的四人隔离间，与社会人员混住；但亦有消息显示学生仍然在方舱。</p>
<h3>北京市通州区马驹桥镇二街村</h3>
<p>于11月29日封村，30日白天，居民们聚集在一起拆除了封控用的铁皮。</p>
<h3>北京市通州区马驹桥镇大葛庄村</h3>
<p>晚上，居民集合反对封控，推翻了铁皮围墙。</p>
<h3>上海</h3>
<p>早上，上海青浦区徐盈路地铁站附近小区因一例异常导致全小区封控，居民与防疫人员发生冲突。</p>
<h3>甘肃</h3>
<h4>兰州</h4>
<p>可能发生在29日，兰州市下属县榆中县的学生被大规模拉到方舱，学生与防疫人员发生争执。据消息及视频资料，被拉到方舱的有24小时核酸记录为阴性的学生；当地气温达零下十多度，方舱缺乏药品，封控条件恶劣。</p>
<h3>境外</h3>
<h4>日本</h4>
<p>约19点开始，东京新宿南口举办了悼念及抗议活动，有消息称现场聚集了300名以上的中国人，并称现场分为两个区域，一边是【乌鲁木齐大火死难者悼念区】，摆放着鲜花和蜡烛等，参与者在此进行哀悼；一边是【反中共抗议区】，参与者在此进行演讲、共喊口号，此外还出现了光复香港时代革命旗、西藏独立雪山狮子旗、大蜀民国太阳神鸟旗、港英旗、诸夏独立旗等。照片资料显示，现场参与者举起了带有乌鲁木齐中路路牌图案的“指示牌”，右侧指向“温柔派（稳健派）”，左侧指向“热血派（情热派）”，以指示上述两个不同区域。</p>
<h4>美国</h4>
<p>纽约中国领事馆门口聚集了大量人群高喊“下台”，还有鼓声在一旁打节奏。</p>
<p>南加州大学举行了哀悼与声援集会，参加者高举四通桥标语进行了演讲。</p>
<h4>比利时</h4>
<p>在流亡艺术家巴丢草于布鲁塞尔欧洲议会举办的画展开幕式上，到场议员和来宾举起白纸声援。</p>
<h4>其他</h4>
<p>西班牙巴塞罗那，瑞典斯德哥尔摩，德国哥廷根大学、杜尔塞多夫，美国哈佛大学，比利时鲁文，瑞士苏黎世市政厅桥、韩国首尔弘大等地亦举行了悼念及声援活动。</p>
<h2>44895</h2>
<h2>近日警方动向</h2>
<h3>上海</h3>
<p>消息称约18时，七号线常熟路地铁站每个出站口均部署了4到5名警察，一号线陕西南路往6-10出口亦有很多警察。</p>"
白纸-20221129日报,"<h1>白纸-20221129日报</h1>
<p>11-29-22</p>
<h2>近日行动信息</h2>
<h3>广东</h3>
<h4>东莞</h4>
<p>约20点，东莞南城中信新天地居民聚集在卡口前高喊“解封”。</p>
<h3>广州</h3>
<p>广东广播电视台正门口有几位市民聚集，被目击到时已被警察包围。</p>
<p>下午，荔湾区环市西路居民聚集在卡口反对封控。</p>
<p>约19点30分，天河区前进街道某小区居民聚集在卡口与社区防疫人员进行争论，要求解封，并要求社区人员撤离小区。</p>
<p>约23点，海珠区后滘发生群体事件，目前具体原因不详；视频显示居民向警方投掷玻璃瓶，警方以盾阵前进并朝小巷中投掷催泪瓦斯，数人被逮捕。</p>
<h3>深圳</h3>
<p>上午，南山区桃源村因疫情封控发生一起冲突。约19时，小区门口部署了大量警察和保安。</p>
<p>约21点40分，一市民在华强北站附近高喊“我要回家”，随后被警察带走。</p>
<h3>山东</h3>
<h4>济南</h4>
<p>约18点，历下区城基中心天阶泓都国际小区居民要求解封，随后同身着防护服的防疫人员发生肢体冲突，居民使用两个货架合力往外推，防疫人员则形成人墙拦住居民外出，双方出现争吵和推搡的情况。22点，社区同意解封。</p>
<h3>山西</h3>
<h4>太原</h4>
<p>太原万柏林区民众要求解封，与相关人员进行交涉。</p>
<h3>天津</h3>
<p>某方舱内，隔离民众未做核酸却出了核酸结果，聚集在方舱护士站与防疫人员发生争论。</p>
<h3>境外</h3>
<h4>香港</h4>
<p>约21点，香港油麻地上海街、永兴里交界处有约6-10名示威者举白纸或印有乌鲁木齐东路字样的纸，被6辆警车大约30多名警察包围盘问。</p>
<h4>马来西亚</h4>
<p>马来亚大学烛光集会声援中国抗议者，要求习近平下台，并共唱《海阔天空》《Do you hear the people sing》。</p>
<h4>英国</h4>
<p>民众在曼彻斯特举行了悼念活动，共喊四通桥标语。</p>
<h4>意大利</h4>
<p>民众在博洛尼亚举行了悼念活动，哀悼乌鲁木齐大火死难者和贵州大巴事件死难者。</p>
<h4>其他</h4>
<p>此外，美国密歇根大学、哥伦比亚大学、牛津大学、杜克大学、宾夕法尼亚州立大学、康纳尔大学、马丁路德金纪念广场，巴西圣保罗日本街，英国杜伦大学，德国柏林、波鸿大学地铁站，意大利佛罗伦萨，澳大利亚悉尼市政厅等地亦举行了悼念及声援活动。</p>
<h2>近日警方动向</h2>
<h3>北京</h3>
<p>28日，知春路附近，约20点左右开始有警察随机查行人手机，如装有twitter、telegram等app会被警告并被登记个人信息。若市民试图与其交涉，警察会直接回复“你可以投诉”。</p>
<p>28日19点左右，海淀黄庄地铁站出口（靠近人大、四通桥）部署了大量警用巴士，附近商场除领展外全部关门，除警察外无其他行人。领展门口有大量警车，警车在街上盘问路人。周围的麦当劳和瑞幸咖啡门口站着很多便衣。</p>
<p>28日下午及晚上，苏州桥、亮马桥附近部署了大量警力，警察要求查路人的身份证。</p>
<p>28日下午5点左右，有市民目击在中关村大街有警车，在剧院附近停了几辆大巴。</p>
<p>29日傍晚，有市民目击某立交桥附近各个路口都有大量警车。</p>
<h3>广东</h3>
<h4>深圳</h4>
<p>29日下午，此前有消息表示今晚将举行哀悼活动的福田区市民中心和华强北已部署大批警察和几种不同型号的警车，有大巴型警车出现在华强北。据称有民警在路边随机询问年轻人情况。地铁市民中心站及华强北站自14时开始停运，又于17时恢复运营。警方亦以防疫为理由封闭了市民中心附近的唯一俯瞰高点莲花山公园山顶平台，以及深圳书城和图书馆。参加活动的人群并没有出现，有市民目击到拿着可乐做暗号的便衣警察。</p>
<p>29日晚上，深圳市民中心已空无一人。在19点左右，整个市民中心公园周围每隔约20米就有警察站岗，路上还有很多警察和便衣在巡逻。市民中心地铁站的每个出口都有3-5名警察。据悉，警察行列中有福田本地的交警，还有从宝安、龙岗调集的特警。</p>
<p>29日，有消息称警察在南山来福士搜查市民手机。</p>
<h3>四川</h3>
<h4>成都</h4>
<p>28日的望平街，从东风大桥到另一侧路口以及中间的小路全部被管控起来，警车拦截两边主要道路以及其他所有小道的出入口，沿河道走向的主通道出入口还设立了刷健康码才能进的闸机，中间有一处不显眼入口只设立了栅栏，但仍然有警察在执勤并阻拦民众出入。临界道路上有市民目击警察聚集在一处喝茶玩手机。</p>
<h3>上海</h3>
<p>28日开始，警察在人民广场、世贸广场、乌鲁木齐中路、五原路、外滩到南京东路地铁站等地段搜查行人手机，主要搜查内容为微信“乌”字开头的消息记录以及twitter、telegram、Instagram等“非法”app，有几位市民因此被带离现场。</p>
<p>28日起，乌鲁木齐中路两边街道被用隔离栏隔开，每日均有大量警力部署在周围。</p>
<p>28日下午17点30左右，上海人民广场周边警力部署严密，有不同型号的警车出现在现场，此前有消息放出此地要举行抗议活动。豫园和曲阜路地铁口都有警察巡逻。人民广场站外有一辆特警车，并且关闭了8号和12号出口。地铁通道内有大量警察，安检口有警犬出动。</p>
<p>28日，平时营业到22点的美罗城，于20点被通知提前关闭，店家开始匆匆清场。附近的徐家汇地铁站部署了不少警察和警犬。</p>
<p>29日7点40分，美罗城被临时通知需要在8点结束营业，地铁口也已经锁上。</p>
<p>29日，根据上海市闵行公安分局微信群截图，闵行公安分局要求明天（30日）白天全员在岗，晚上二分之一在岗。</p>
<p>29日晚上，有消息称警察在地铁车厢内逐个搜查乘客手机，具体情况不明。</p>
<h3>浙江</h3>
<h4>杭州</h4>
<p>28日约19点，警察盘问路过杭州in77、带着菊花的行人，并因此搜查了几位市民的手机，后续有几位市民因此被带走。有市民表示买白菊花必须在派出所登记。</p>
<h3>线上</h3>
<p>根据内部信息，网信办于29日发出通知，要求“深入清理整治涉‘翻墙’工具”，清理翻墙相关商品、app及网络内容，并启动一级互联网应急响应，加强前置审核，重点关注北京市涉疫舆情，并计划在11月30日（乌鲁木齐大火死难者头七）、12月9日（国际反腐日）、12月10日（国际人权日）加强把控。</p>"
白纸-20221128日报,"<h1>白纸-20221128日报</h1>
<h2>境内</h2>
<h3>安徽</h3>
<h4>合肥</h4>
<p>安徽建筑大学，三位学生分别举标语和白纸纪念乌鲁木齐遇难者，和上海示威游行勇士。
<a href=""""https://twitter.com/china_protest/status/1597045794737037314"""">Source</a></p>
<h3>北京</h3>
<h4>北京师范大学</h4>
<p>一社会主义核心价值观宣传牌上的“自由”一词被取下。</p>
<h4>北京大学</h4>
<p>学五食堂门口，一名学生被几名黑衣男子带走，期间学生高喊“不自由，毋宁死”。</p>
<h4>中央美术学院</h4>
<p>学生在校内雕像上贴满写着“自由”的纸，并大量张贴有蜡烛图案的纸。另有学生在地板上用粉笔书写四通桥完整标语。</p>
<h4>清华大学</h4>
<p>学生提出“释放抗议者”“承认抗议合法性、并承诺绝不报复”“废除清零政策”三项诉求，表示“三点诉求，缺一不可”。</p>
<h4>凌晨</h4>
<p>警方封锁了亮马桥周边区域，抗议人群被警察分割成数块，无法离开。一位母亲带着孩子经过燕莎桥，却因戒严封路无法通过，如此一来她们需要绕行五公里。约1时，有传言将施放催泪瓦斯，不过最终没有施放。有市民被逮捕。1时45分左右，一名白衣市民发表演讲。2时左右，警察清场劝离。直至3时，现场仍有少数人在游行。</p>
<h4>凌晨</h4>
<p>大批市民聚集在新源里高喊口号、现场演讲，人群中有不明身份者故意与市民发生肢体冲突，但被周围的人及时拉开。</p>
<h4>凌晨</h4>
<p>市民在凯宾斯基酒店门口聚集，一位不明身份的政府部门人员与民众沟通。</p>
<h4>晚上7点左右</h4>
<p>北京海淀黄庄、亮马桥附近街区部署了大量警察，商场几乎全部关闭，有穿着警察标志的人在附近巡视。</p>
<h3>福建</h3>
<h4>福州</h4>
<p>约18点，一名学生戴着绿头鱼头套，穿着写着标语的军大衣在校园内，随后被保安带走。
<a href=""""https://twitter.com/whyyoutouzhele/status/1597200739738476547"""">Source</a></p>
<h3>广东</h3>
<h4>广州</h4>
<p>广州大学学生今天中午独自一人在天桥举白纸被校方带走，消息称该学生最终没有被处罚。</p>
<p>广东外语外贸大学，有学生校园涂鸦“工人无罪，学生有？（因字体被遮挡未能确认）”支持抗议者。
<a href=""""https://twitter.com/china_protest/status/1597045333368135680"""">Source</a></p>
<h4>深圳</h4>
<p>民治社区今日突然被封控，导致社区居民与防疫人员和警察发生冲突，居民合力推开用于防控的围栏去上班，其中有居民大喊“你们是人我们不是人吗？”</p>
<h3>河南</h3>
<h4>洛阳</h4>
<p>上阳城民众聚集，要求解封。
<a href=""""https://twitter.com/whyyoutouzhele/status/1597216370923827201"""">Source</a></p>
<h4>河南省辉县市胡桥乡</h4>
<p>河南省辉县市胡桥乡，村民抗议强制拆迁。据称，此前赔偿合同是一家一签制，且在并未所有村民都签合同的情况下，城管和铲车强制拆迁，并因冲突导致一老人死亡。村民们要求开会公示补偿标准，按照统一标准执行赔偿到位。</p>
<h3>海南</h3>
<h4>海口</h4>
<p>海南师范大学，树上挂有挂牌，写着“敬告青年”等新青年标语，对乌鲁木齐表示哀悼，声援反抗者追求进步和民主。
<a href=""""https://twitter.com/china_protest/status/1597122965686009856"""">Source</a></p>
<h4>三亚</h4>
<p>三亚学院，宣传板上粘贴满了抗议标语，“不要麻木”、“对”以及白纸等。
<a href=""""https://twitter.com/china_protest/status/1597044103136837632"""">Source</a></p>
<h3>湖北</h3>
<h4>武汉</h4>
<p>中南财经政法大学，环湖操场门口，粘贴有标语悼念乌鲁木齐大火，周围贴了数张抗议标语。
<a href=""""https://twitter.com/china_protest/status/1597130784376492032"""">Source</a></p>
<p>因武汉火车站出站时要求统一扣押身份证，上转运车才能发放回来，几位市民与防疫人员交涉，要求其必须归还身份证才能离开。</p>
<p>今天上午，在盘龙城有居民堵住马路要求解封，随后大量警察赶到，与居民发生冲突。</p>
<h3>湖南</h3>
<h4>长沙</h4>
<p>下午5点50分左右，湖南大学东方红广场有学生举白纸抗议，五分钟后被现场安保人员带离。
<a href=""""https://twitter.com/whyyoutouzhele/status/1597256737564037121"""">Source</a></p>
<h4>湘潭</h4>
<p>湖南科技大学校园内的地图板上粘贴抗议标语，“删吧，就算举白纸大家也知道写的是什么”。
<a href=""""https://twitter.com/china_protest/status/1597052187158667264"""">Source</a></p>
<h3>江苏</h3>
<h4>南京</h4>
<p>南京大学仙林校区地下通道，有三名学生手持白纸。现场有人想将三人带走，被周围同学拦下，随后周围同学把三人送回宿舍。目前警察和学校领导已经离开，三名学生暂时安全。</p>
<p>南京林业大学，宣传单上写着“这只是一张白纸”、“沉默震耳欲聋”等标语，响应白纸革命。
<a href=""""https://twitter.com/china_protest/status/1597123842387779584"""">Source</a></p>
<p>晚上7点左右，南京总统府附近的街区部署了大量警力，民众未能聚集。下午7时到8时左右，有市民在总统府旁南京图书馆的石碑上撒放白纸。</p>
<h3>江西</h3>
<h4>南昌</h4>
<p>南昌大学科技学院，宣传板上粘贴有白纸传单。
<a href=""""https://twitter.com/china_protest/status/1597122699717140482"""">Source</a></p>
<h3>山东</h3>
<h4>济宁</h4>
<p>曲阜师范大学学生在孔子像上粘贴标语，悼念贵州、乌鲁木齐死难者并表达抗议。
<a href=""""https://twitter.com/china_protest/status/1597068055389306880"""">Source</a></p>
<h4>济南</h4>
<p>济南大学学生在二食堂举起“人命、自由、解封”的标语。</p>
<h3>陕西</h3>
<h4>西安</h4>
<p>西安工程大学，墙上粘贴了两张抗议海报。
<a href=""""https://twitter.com/china_protest/status/1597142399083761664"""">Source</a></p>
<p>西安建筑科技大学学生在口罩上摆放十个烛火，纪念乌鲁木齐大火死难者，且放置了抗议标语，发起人已被学校处分。
<a href=""""https://twitter.com/china_protest/status/1597084625133719552"""">Source</a></p>
<p>城市街头出现涂鸦，“让人说话天塌不下来”、“此内容因违规无法查看”“自由!!!”等，支持本周末全国爆发的抗议示威游行。
<a href=""""https://twitter.com/china_protest/status/1597052660108050437"""">Source</a></p>
<h3>上海</h3>
<h4>上海工程技术大学</h4>
<p>有一名学生在天桥上用口罩蒙住眼睛，保安前去交涉。</p>
<p>乌鲁木齐中路被蓝色铁皮围起，现场聚集了大量警察。据BBC报道，警察拦下拍照者要求删除照片，有两人因拒绝被带走。</p>
<h3>四川</h3>
<h4>泸州</h4>
<p>西南医科大学学生在校内粘贴两张抗议标语，悼念乌鲁木齐大火死难者。
<a href=""""https://twitter.com/china_protest/status/1597130024242794499"""">Source</a></p>
<h3>云南</h3>
<h4>昆明</h4>
<p>云南大学校园内，有学生摆放了一路的鲜花和标语。</p>
<p>昆明学院，校园内出现了大量标语，悼念乌鲁木齐大火死难者并表达抗议。
<a href=""""https://twitter.com/china_protest/status/1597120656415821825"""">Source</a></p>
<p>园西路有几名市民举白纸静立，十分钟后举白纸者全部被大巴带走。</p>
<h3>浙江</h3>
<h4>杭州</h4>
<p>一名市民拿着菊花来到西湖，警察试图将其带走，民众与警察交涉，并成功阻止该市民被带走。
<a href=""""https://twitter.com/whyyoutouzhele/status/1597213567367118849"""">Source</a></p>
<p>下午5点左右，湖滨in77附近街区聚集了大量警车。7点左右，警察开始列队，围出了一片长方形空白区域，现场气氛紧张，但当时并没有市民在此地示威。警察盘问路过带着鲜花的行人并搜查手机，晚上9点左右，两名带着菊花的市民在警察的方阵内被捕。一辆车沿街放《Do you hear the people sing》，现场居民鼓掌欢送其离开。9点半左右，有市民开始聚集，要求放人，但之后又有人被抓上现场的三辆大巴车。10点左右，警察开始清场。</p>
<h2>境外</h2>
<h3>香港</h3>
<h4>中环</h4>
<p>民众为乌鲁木齐大火死难者举行悼念活动，摆放蜡烛与鲜花，手举标语和白纸。从起初的十余人起，抗议者人数不断增加，警方封锁了一些地区，警告参与者可能违反社交距离规定，并对他们进行拍摄。活动开始不到一个半小时，警方派出清洁工开始清空现场烛火、鲜花。在悼念过程中，一位参与者遭到袭击。
<a href=""""https://twitter.com/phoebe_kongwy/status/1597190556551360512"""">Source</a> <a href=""""https://twitter.com/whyyoutouzhele/status/1597192197635723264"""">Source</a></p>
<h3>加拿大</h3>
<h4>多伦多</h4>
<p>中国领事馆前大量抗议者聚集声援国内人民，喊出“中国人，加油”，“中国人，反抗”“习近平，下台”“共产党，下台”等口号。
<a href=""""https://twitter.com/__Inty__/status/1597067636726038529"""">Source</a></p>
<h3>美国</h3>
<h4>旧金山</h4>
<p>民众在中国驻旧金山总领事馆门口举办悼念活动，使用投影将口号打在领事馆墙壁上。
<a href=""""https://twitter.com/Zhigongtang/status/1597113017287995392"""">Source</a></p>
<h3>英国</h3>
<h4>伦敦</h4>
<p>数百名示威者聚集在伦敦的中国驻英大使馆前进行了长达五个小时的抗议活动，人群高喊“习近平，下台”、“放人”等口号，还有示威者举“我不是境外势力，我是中国公民”“不自由，毋宁死”等标语。
<a href=""""https://twitter.com/whyyoutouzhele/status/1596962428343832577"""">Source</a></p>
<h3>韩国</h3>
<h4>首尔</h4>
<p>中央大学内张贴“不做沉默的大多数”、“不要惧怕，不要忘记，不要原谅”、“爱国≠爱党”、“他们已经虚弱到害怕一张白纸”等海报
<a href=""""https://twitter.com/youweiwanxiang/status/1597111995605843968"""">Source</a></p>
<h3>其他</h3>
<p>法国巴黎蓬皮杜中心、法国格勒诺布尔、荷兰阿姆斯特丹水坝广场、马来西亚吉隆坡、美国纽约华盛顿公园、美国西雅图华盛顿大学西雅图分校、美国洛杉矶、美国芝加哥大学、德国慕尼黑、泰国曼谷、澳大利亚墨尔本州立图书馆、加拿大温哥华、加拿大蒙特利尔、英国利兹大学、爱丁堡大学、牛津大学、考文垂大学、爱尔兰都柏林、哈萨克斯坦阿斯坦纳、台湾等地亦举办了悼念与声援活动.</p>"
白纸-20221127日报,"<h1>白纸-20221127日报</h1>
<h2>北京</h2>
<p>凌晨，北大学生要求不追究书写标语学生、正常检测和出入校园等诉求，并发表《北京大学学生关于疫情防控问题的呼吁》</p>
<p>人民大学学生在人大北园散步要求解封并获得成功</p>
<p>清华大学学生举白纸抗议，清华党委副书记过勇出现并承诺不会追究学生责任，但拒绝签署保证书</p>
<p>市民在亮马河附近聚集，齐唱《送别》、高喊”我要做核酸、我要被封控”“上海你好，我是北京”“人民万岁”等标语，过路车辆鸣笛支持。朝阳区区长及北京市局局长出现在现场。警方封锁了附近道路，并将示威人群冲散。直至23：41，双方仍在僵持。</p>
<h2>福建</h2>
<h3>厦门</h3>
<p>厦门市民在地铁上举Covid-1984纸牌</p>
<h2>广东</h2>
<h3>广州</h3>
<p>广东外语外贸大学学生举白纸抗议并宣读有关学校疫情管理措施的诉求</p>
<p>华南师范大学石牌校区学生举白纸抗议</p>
<p>市民聚集在海珠广场高喊”不要围观请加入“”不要封控要自由“等标语，并齐唱《海阔天空》，警察包围人群，有市民被逮捕</p>
<p>白云区江夏村市民要求解封</p>
<h2>湖北</h2>
<h3>武汉</h3>
<p>大量武汉市民游行并拆除沿路核酸点与封锁设施，随后聚集在汉正街，并最终蔓延到多福路。现场有社区人员掌掴市民；晚间在江汉路目击到市民被警察暴力推搡、强迫认错</p>
<p>盘龙城民众要求解封</p>
<p>约24时，武汉一元路民众静默示威</p>
<h2>湖南</h2>
<h3>长沙</h3>
<p>黄兴广场市民举白纸抗议</p>
<h2>江苏</h2>
<h3>南京</h3>
<p>南京林业大学封闭自助打印设施，学生贴标语抗议</p>
<p>南京新街口地铁站多位市民举白纸抗议，有市民被逮捕</p>
<p>南京孙中山雕像旁市民举白纸抗议</p>
<h2>山东</h2>
<h3>青岛</h3>
<p>青岛电影学院学生在校内书写标语遭保安攻击</p>
<h2>山西</h2>
<h3>太原</h3>
<p>太原市民聚集，多位市民发表演讲阐述关于不合理疫情防控的诉求，被保安夺走麦克风</p>
<h2>陕西</h2>
<h3>西安</h3>
<p>西安铁路职业技术学院学生举白纸抗议</p>
<p>西安电子科技大学学生举白纸抗议</p>
<p>西安石油大学学生张贴标语</p>
<p>市民在西关正街聚集并与警察对峙</p>
<h2>上海</h2>
<p>凌晨，市民在乌鲁木齐中路聚集悼念乌市火灾死难者，举白纸抗议并高喊”不要核酸要自由““共产党下台，习近平下台”“场所码，***”等口号，大量警察包围现场并逮捕了部分参与者，据称“装满了2辆小型巴士”，后续警察组成人墙驱散人群</p>
<p>上午，市民在安福路168号门口自发悼念</p>
<p>下午，市民再次在乌鲁木齐中路聚集举白纸抗议，有市民举花演讲被逮捕。后转至常熟路-安福路口、复兴西路等地，市民高喊四通桥口号、宣读宪法，要求释放被逮捕的市民，大量市民被殴打、拖行、逮捕，现场哭声惨叫不绝。被逮捕市民被目击到在警方大巴上被殴打。市民试图以身阻拦警方车辆，亦被警察拖行殴打。市民质问便衣为何不穿警服，便衣表示“我看不惯你们这些人民群众”。警察冲进道路两侧商铺殴打、威胁市民</p>
<p>22点至24点左右，警察在聂耳广场十字路口无差别抓捕行人，市民仅仅因拍照、站在路边或落单就被抓上大巴</p>
<h2>四川</h2>
<h3>成都</h3>
<p>西华大学一学生举标语抗议</p>
<p>玉林路4位学生举白纸抗议</p>
<p>四川音乐学院学生们黑夜中聚集在一起打开手机照明喊新青年口号</p>
<p>望平街大量市民聚集手举白纸，大家齐声喊喊“不自由，毋宁死”、“人民是人民的人们”、“道歉”、“要言论自由，要记住历史，要人权，反对独裁”、“取消核酸”等口号，现场有祭奠新疆火灾遇难同胞的蜡烛。之后有警察冲进人群里开始抓人，然后群众开始扩散逃跑。旁边有人高喊小心不要踩踏，注意安全，从望平街出来开始游行并合唱《团结就是力量》、高喊”解封“、”要自由“。在望平街附近民众和便衣发生推搡，有市民被抓捕。现场结束后，警察清点战绩，互相询问”打了几个人“</p>
<p>望平滨河路民众高喊 新闻自由 言论自由</p>
<p>东安北路锦江李贤春中医诊所对面人行道一市民被便衣拖行</p>
<h2>天津</h2>
<p>南京路两位市民举白纸抗议</p>
<h2>新疆</h2>
<h3>叶城</h3>
<p>下午五点半左右，大量武警进入越城小区，暴力抓捕小区居民</p>
<h2>云南</h2>
<h3>大理</h3>
<p>市民聚集并上街举白纸抗议，边走边用吉他弹唱《国际歌》等歌曲</p>
<h3>昆明</h3>
<p>几位市民带着白纸，上街用吉他弹唱《Do you hear the people sing》</p>
<h2>浙江</h2>
<h3>杭州</h3>
<p>浙大学生阻止举白纸学生被学校带走</p>
<p>几位市民在西溪天街的星巴克前举白纸抗议</p>
<p>乌镇一名市民手举白纸，以嘴贴上黑色胶布、手缠镣铐的形式游行</p>
<h2>海外</h2>
<p>日本东京新宿地铁站、意大利米兰和平拱门、布里斯班、台湾台北等地均举办了烛火哀悼活动</p>"
